timestamp_utc,elapsed_s,sequence,frame_duration_ms,deadline_miss_ms,tgs2620_raw,tgs2620_voltage_v,tgs2610_raw,tgs2610_voltage_v,tgs2611_raw,tgs2611_voltage_v,tgs2600_raw,tgs2600_voltage_v,tgs2602_raw,tgs2602_voltage_v,tgs2603_raw,tgs2603_voltage_v,ads7828_ok,nh3_raw,nh3_diff_voltage_v,nh3_ok,h2s_raw,h2s_diff_voltage_v,h2s_ok,error_codes
2026-07-28T11:42:25.162Z,1.2776999938068911e-05,0,247.49111700111825,0.012776999938068911,3290,2.008056640625,1764,1.07666015625,1740,1.06201171875,4095,2.4993896484375,3330,2.032470703125,2816,1.71875,True,280,0.004375,True,136,0.002125,True,ads7828_saturation_tgs2600
2026-07-28T11:42:26.162Z,1.000060623000536,1,4.422543999680784,0.06062300053599756,3296,2.01171875,1768,1.0791015625,1741,1.0626220703125,4095,2.4993896484375,3332,2.03369140625,2816,1.71875,True,279,0.004359375,True,132,0.0020625,True,ads7828_saturation_tgs2600
2026-07-28T11:42:27.162Z,2.000056067001424,2,4.404562998388428,0.0560670014237985,3296,2.01171875,1768,1.0791015625,1744,1.064453125,4095,2.4993896484375,3333,2.0343017578125,2816,1.71875,True,277,0.004328125,True,127,0.001984375,True,ads7828_saturation_tgs2600
2026-07-28T11:42:28.162Z,3.0000556120012334,3,4.376951999802259,0.055612001233384944,3304,2.0166015625,1770,1.080322265625,1745,1.0650634765625,4095,2.4993896484375,3338,2.037353515625,2816,1.71875,True,274,0.00428125,True,122,0.00190625,True,ads7828_saturation_tgs2600
2026-07-28T11:42:29.162Z,4.000068682000347,4,4.487915000936482,0.06868200034659822,3304,2.0166015625,1770,1.080322265625,1744,1.064453125,4095,2.4993896484375,3336,2.0361328125,2816,1.71875,True,274,0.00428125,True,119,0.0018593750000000001,True,ads7828_saturation_tgs2600
2026-07-28T11:42:30.162Z,5.000070815000072,5,4.578914000376244,0.07081500007188879,3316,2.02392578125,1780,1.08642578125,1752,1.0693359375,4095,2.4993896484375,3348,2.04345703125,2832,1.728515625,True,277,0.004328125,True,117,0.001828125,True,ads7828_saturation_tgs2600
2026-07-28T11:42:31.162Z,6.000061492000896,6,4.506283999944571,0.06149200089566875,3328,2.03125,1786,1.090087890625,1756,1.07177734375,4095,2.4993896484375,3344,2.041015625,2828,1.72607421875,True,277,0.004328125,True,114,0.00178125,True,ads7828_saturation_tgs2600
2026-07-28T11:42:32.162Z,7.000064416000896,7,4.5057850002194755,0.06441600089601707,3328,2.03125,1792,1.09375,1757,1.0723876953125,4095,2.4993896484375,3348,2.04345703125,2832,1.728515625,True,271,0.004234375,True,111,0.001734375,True,ads7828_saturation_tgs2600
2026-07-28T11:42:33.162Z,8.000070089001383,8,4.615042998921126,0.07008900138316676,3332,2.03369140625,1788,1.09130859375,1756,1.07177734375,4095,2.4993896484375,3352,2.0458984375,2834,1.729736328125,True,263,0.004109375,True,112,0.00175,True,ads7828_saturation_tgs2600
2026-07-28T11:42:34.162Z,9.000080843001342,9,4.616968999471283,0.08084300134214573,3338,2.037353515625,1784,1.0888671875,1753,1.0699462890625,4095,2.4993896484375,3352,2.0458984375,2836,1.73095703125,True,258,0.00403125,True,108,0.0016875,True,ads7828_saturation_tgs2600
2026-07-28T11:42:35.162Z,10.00007203000132,10,4.6212839988584165,0.07203000131994486,3344,2.041015625,1784,1.0888671875,1754,1.070556640625,4095,2.4993896484375,3352,2.0458984375,2836,1.73095703125,True,255,0.003984375,True,108,0.0016875,True,ads7828_saturation_tgs2600
2026-07-28T11:42:36.162Z,11.000060723999923,11,4.531914000835968,0.060723999922629446,3344,2.041015625,1781,1.0870361328125,1756,1.07177734375,4095,2.4993896484375,3348,2.04345703125,2834,1.729736328125,True,250,0.00390625,True,105,0.001640625,True,ads7828_saturation_tgs2600
2026-07-28T11:42:37.162Z,12.000069257001087,12,4.576747998726205,0.0692570010869531,3344,2.041015625,1781,1.0870361328125,1756,1.07177734375,4095,2.4993896484375,3348,2.04345703125,2836,1.73095703125,True,246,0.00384375,True,102,0.0015937500000000001,True,ads7828_saturation_tgs2600
2026-07-28T11:42:38.162Z,13.000061687000198,13,4.502804000367178,0.061687000197707675,3346,2.042236328125,1780,1.08642578125,1754,1.070556640625,4095,2.4993896484375,3352,2.0458984375,2834,1.729736328125,True,244,0.0038125,True,101,0.001578125,True,ads7828_saturation_tgs2600
2026-07-28T11:42:39.162Z,14.00006405000022,14,4.571284000121523,0.0640500002191402,3348,2.04345703125,1782,1.087646484375,1753,1.0699462890625,4095,2.4993896484375,3352,2.0458984375,2836,1.73095703125,True,244,0.0038125,True,98,0.00153125,True,ads7828_saturation_tgs2600
2026-07-28T11:42:40.162Z,15.000072456001362,15,4.605080999681377,0.07245600136229768,3352,2.0458984375,1781,1.0870361328125,1753,1.0699462890625,4095,2.4993896484375,3352,2.0458984375,2833,1.7291259765625,True,244,0.0038125,True,97,0.001515625,True,ads7828_saturation_tgs2600
2026-07-28T11:42:41.162Z,16.000069426001573,16,4.600098998707836,0.06942600157344714,3352,2.0458984375,1782,1.087646484375,1754,1.070556640625,4095,2.4993896484375,3354,2.047119140625,2832,1.728515625,True,245,0.003828125,True,92,0.0014375,True,ads7828_saturation_tgs2600
2026-07-28T11:42:42.162Z,17.00006447600026,17,4.584154999974999,0.06447600026149303,3352,2.0458984375,1782,1.087646484375,1754,1.070556640625,4095,2.4993896484375,3354,2.047119140625,2832,1.728515625,True,243,0.003796875,True,91,0.001421875,True,ads7828_saturation_tgs2600
2026-07-28T11:42:43.162Z,18.00006381000094,18,4.5354889989539515,0.06381000093824696,3348,2.04345703125,1780,1.08642578125,1752,1.0693359375,4095,2.4993896484375,3352,2.0458984375,2826,1.724853515625,True,240,0.00375,True,89,0.001390625,True,ads7828_saturation_tgs2600
2026-07-28T11:42:44.162Z,19.000080319001427,19,4.634764998627361,0.08031900142668746,3332,2.03369140625,1772,1.08154296875,1744,1.064453125,4095,2.4993896484375,3338,2.037353515625,2817,1.7193603515625,True,242,0.00378125,True,87,0.0013593750000000001,True,ads7828_saturation_tgs2600
2026-07-28T11:42:45.162Z,20.000076611000623,20,4.634229000657797,0.07661100062250625,3340,2.03857421875,1772,1.08154296875,1744,1.064453125,4095,2.4993896484375,3344,2.041015625,2817,1.7193603515625,True,240,0.00375,True,87,0.0013593750000000001,True,ads7828_saturation_tgs2600
2026-07-28T11:42:46.162Z,21.000065355001425,21,4.592432998833829,0.06535500142490491,3312,2.021484375,1760,1.07421875,1736,1.0595703125,4095,2.4993896484375,3316,2.02392578125,2800,1.708984375,True,238,0.0037187500000000003,True,85,0.001328125,True,ads7828_saturation_tgs2600
2026-07-28T11:42:47.162Z,22.00006205000136,22,4.536951999398298,0.062050001361058094,3312,2.021484375,1762,1.075439453125,1736,1.0595703125,4095,2.4993896484375,3316,2.02392578125,2804,1.71142578125,True,239,0.0037343750000000003,True,80,0.00125,True,ads7828_saturation_tgs2600
2026-07-28T11:42:48.162Z,23.00006310400022,23,4.548173999864957,0.06310400021902751,3316,2.02392578125,1764,1.07666015625,1738,1.060791015625,4095,2.4993896484375,3316,2.02392578125,2804,1.71142578125,True,236,0.0036875000000000002,True,76,0.0011875,True,ads7828_saturation_tgs2600
2026-07-28T11:42:49.162Z,24.000065461001213,24,4.555006998998579,0.06546100121340714,3316,2.02392578125,1764,1.07666015625,1740,1.06201171875,4095,2.4993896484375,3316,2.02392578125,2801,1.7095947265625,True,234,0.00365625,True,76,0.0011875,True,ads7828_saturation_tgs2600
2026-07-28T11:42:50.162Z,25.00006441700134,25,4.584839998642565,0.06441700134018902,3314,2.022705078125,1760,1.07421875,1737,1.0601806640625,4095,2.4993896484375,3314,2.022705078125,2800,1.708984375,True,233,0.003640625,True,72,0.0011250000000000001,True,ads7828_saturation_tgs2600
2026-07-28T11:42:51.162Z,26.00006339799984,26,4.5861000016884645,0.06339799983834382,3313,2.0220947265625,1760,1.07421875,1736,1.0595703125,4095,2.4993896484375,3316,2.02392578125,2800,1.708984375,True,230,0.00359375,True,73,0.001140625,True,ads7828_saturation_tgs2600
2026-07-28T11:42:52.162Z,27.000067664001108,27,4.563173999486025,0.06766400110791437,3320,2.0263671875,1768,1.0791015625,1744,1.064453125,4095,2.4993896484375,3328,2.03125,2802,1.710205078125,True,229,0.003578125,True,75,0.001171875,True,ads7828_saturation_tgs2600
2026-07-28T11:42:53.162Z,28.000067510000008,28,4.585933000271325,0.06751000000804197,3328,2.03125,1776,1.083984375,1744,1.064453125,4095,2.4993896484375,3328,2.03125,2800,1.708984375,True,230,0.00359375,True,72,0.0011250000000000001,True,ads7828_saturation_tgs2600
2026-07-28T11:42:54.162Z,29.00006582700007,29,4.557840000416036,0.0658270000712946,3329,2.0318603515625,1776,1.083984375,1745,1.0650634765625,4095,2.4993896484375,3328,2.03125,2800,1.708984375,True,231,0.003609375,True,71,0.0011093750000000001,True,ads7828_saturation_tgs2600
2026-07-28T11:42:55.162Z,30.000074520001363,30,4.610766000041622,0.07452000136254355,3337,2.0367431640625,1782,1.087646484375,1746,1.065673828125,4095,2.4993896484375,3332,2.03369140625,2800,1.708984375,True,231,0.003609375,True,72,0.0011250000000000001,True,ads7828_saturation_tgs2600
2026-07-28T11:42:56.162Z,31.00006181200115,31,4.538155999398441,0.06181200114951935,3344,2.041015625,1786,1.090087890625,1746,1.065673828125,4095,2.4993896484375,3332,2.03369140625,2800,1.708984375,True,231,0.003609375,True,70,0.00109375,True,ads7828_saturation_tgs2600
2026-07-28T11:42:57.162Z,32.000071927001045,32,4.611987998941913,0.07192700104496907,3346,2.042236328125,1772,1.08154296875,1752,1.0693359375,4095,2.4993896484375,3332,2.03369140625,2800,1.708984375,True,231,0.003609375,True,66,0.00103125,True,ads7828_saturation_tgs2600
2026-07-28T11:42:58.162Z,33.000070492000305,33,4.469231000257423,0.07049200030451175,3352,2.0458984375,1762,1.075439453125,1756,1.07177734375,4095,2.4993896484375,3332,2.03369140625,2804,1.71142578125,True,230,0.00359375,True,66,0.00103125,True,ads7828_saturation_tgs2600
2026-07-28T11:42:59.162Z,34.000066620001235,34,4.448100999070448,0.06662000123469625,3354,2.047119140625,1780,1.08642578125,1760,1.07421875,4095,2.4993896484375,3332,2.03369140625,2808,1.7138671875,True,226,0.00353125,True,64,0.001,True,ads7828_saturation_tgs2600
2026-07-28T11:43:00.162Z,35.00006284700066,35,4.420064000441926,0.06284700066316873,3352,2.0458984375,1798,1.097412109375,1760,1.07421875,4095,2.4993896484375,3330,2.032470703125,2816,1.71875,True,221,0.003453125,True,64,0.001,True,ads7828_saturation_tgs2600
2026-07-28T11:43:01.162Z,36.000060747001044,36,4.418156999236089,0.06074700104363728,3354,2.047119140625,1829,1.1163330078125,1762,1.075439453125,4095,2.4993896484375,3332,2.03369140625,2816,1.71875,True,218,0.00340625,True,65,0.001015625,True,ads7828_saturation_tgs2600
2026-07-28T11:43:02.162Z,37.00005891300134,37,4.387842000141973,0.058913001339533366,3348,2.04345703125,1765,1.0772705078125,1760,1.07421875,4095,2.4993896484375,3328,2.03125,2818,1.719970703125,True,217,0.003390625,True,64,0.001,True,ads7828_saturation_tgs2600
2026-07-28T11:43:03.162Z,38.00007832600022,38,4.472675000215531,0.0783260002208408,3344,2.041015625,1800,1.0986328125,1752,1.0693359375,4095,2.4993896484375,3330,2.032470703125,2824,1.7236328125,True,216,0.003375,True,64,0.001,True,ads7828_saturation_tgs2600
2026-07-28T11:43:04.162Z,39.00006295000094,39,4.512137000347138,0.06295000093814451,3336,2.0361328125,1770,1.080322265625,1745,1.0650634765625,4095,2.4993896484375,3328,2.03125,2816,1.71875,True,215,0.003359375,True,63,0.000984375,True,ads7828_saturation_tgs2600
2026-07-28T11:43:05.162Z,40.00007276600081,40,4.594636999172508,0.07276600081240758,3336,2.0361328125,1724,1.05224609375,1744,1.064453125,4095,2.4993896484375,3328,2.03125,2816,1.71875,True,211,0.003296875,True,61,0.000953125,True,ads7828_saturation_tgs2600
2026-07-28T11:43:06.162Z,41.00006410700007,41,4.53176700102631,0.06410700007108971,3328,2.03125,1816,1.1083984375,1740,1.06201171875,4095,2.4993896484375,3328,2.03125,2816,1.71875,True,214,0.00334375,True,60,0.0009375,True,ads7828_saturation_tgs2600
2026-07-28T11:43:07.162Z,42.00006304599992,42,4.502416000832454,0.06304599992290605,3328,2.03125,1753,1.0699462890625,1738,1.060791015625,4095,2.4993896484375,3320,2.0263671875,2816,1.71875,True,218,0.00340625,True,59,0.0009218750000000001,True,ads7828_saturation_tgs2600
2026-07-28T11:43:08.162Z,43.00005775200043,43,4.4702670002152445,0.05775200042990036,3328,2.03125,1776,1.083984375,1736,1.0595703125,4095,2.4993896484375,3320,2.0263671875,2816,1.71875,True,222,0.00346875,True,58,0.00090625,True,ads7828_saturation_tgs2600
2026-07-28T11:43:09.162Z,44.000067575001594,44,4.56872999893676,0.06757500159437768,3328,2.03125,1782,1.087646484375,1738,1.060791015625,4095,2.4993896484375,3328,2.03125,2816,1.71875,True,216,0.003375,True,57,0.000890625,True,ads7828_saturation_tgs2600
2026-07-28T11:43:10.162Z,45.000057811999795,45,4.484915001739864,0.05781199979537632,3320,2.0263671875,1764,1.07666015625,1737,1.0601806640625,4095,2.4993896484375,3328,2.03125,2808,1.7138671875,True,211,0.003296875,True,57,0.000890625,True,ads7828_saturation_tgs2600
2026-07-28T11:43:11.162Z,46.0000569620006,46,4.458194000108051,0.05696200059901457,3320,2.0263671875,1773,1.0821533203125,1736,1.0595703125,4095,2.4993896484375,3320,2.0263671875,2808,1.7138671875,True,206,0.0032187500000000003,True,56,0.000875,True,ads7828_saturation_tgs2600
2026-07-28T11:43:12.162Z,47.0000642490013,47,4.51367399909941,0.06424900129786693,3328,2.03125,1776,1.083984375,1736,1.0595703125,4095,2.4993896484375,3328,2.03125,2808,1.7138671875,True,203,0.003171875,True,56,0.000875,True,ads7828_saturation_tgs2600
2026-07-28T11:43:13.162Z,48.000061913000536,48,4.507859999648645,0.06191300053615123,3328,2.03125,1806,1.102294921875,1736,1.0595703125,4095,2.4993896484375,3328,2.03125,2804,1.71142578125,True,208,0.0032500000000000003,True,55,0.000859375,True,ads7828_saturation_tgs2600
2026-07-28T11:43:14.162Z,49.00007806500071,49,4.580823000651435,0.07806500070728362,3328,2.03125,1778,1.085205078125,1736,1.0595703125,4095,2.4993896484375,3328,2.03125,2800,1.708984375,True,210,0.00328125,True,53,0.000828125,True,ads7828_saturation_tgs2600
2026-07-28T11:43:15.162Z,50.00007437200111,50,4.6000259990250925,0.07437200110871345,3328,2.03125,1784,1.0888671875,1734,1.058349609375,4095,2.4993896484375,3328,2.03125,2800,1.708984375,True,209,0.003265625,True,54,0.00084375,True,ads7828_saturation_tgs2600
2026-07-28T11:43:16.162Z,51.00006372200005,51,4.50793399977556,0.06372200004989281,3328,2.03125,1736,1.0595703125,1738,1.060791015625,4095,2.4993896484375,3328,2.03125,2800,1.708984375,True,207,0.0032343750000000003,True,51,0.0007968750000000001,True,ads7828_saturation_tgs2600
2026-07-28T11:43:17.162Z,52.00006476300041,52,4.551379000986344,0.06476300040958449,3328,2.03125,1772,1.08154296875,1738,1.060791015625,4095,2.4993896484375,3329,2.0318603515625,2800,1.708984375,True,204,0.0031875000000000002,True,51,0.0007968750000000001,True,ads7828_saturation_tgs2600
2026-07-28T11:43:18.162Z,53.00006221900003,53,4.5040460008749506,0.06221900002856273,3328,2.03125,1776,1.083984375,1740,1.06201171875,4095,2.4993896484375,3328,2.03125,2796,1.70654296875,True,204,0.0031875000000000002,True,51,0.0007968750000000001,True,ads7828_saturation_tgs2600
2026-07-28T11:43:19.163Z,54.00092252700051,54,4.577731000608765,0.9225270005117636,3328,2.03125,1776,1.083984375,1738,1.060791015625,4095,2.4993896484375,3328,2.03125,2792,1.7041015625,True,205,0.0032031250000000002,True,50,0.00078125,True,ads7828_saturation_tgs2600
2026-07-28T11:43:20.162Z,55.00007250100134,55,4.629747998478706,0.072501001341152,3330,2.032470703125,1766,1.077880859375,1744,1.064453125,4095,2.4993896484375,3332,2.03369140625,2794,1.705322265625,True,204,0.0031875000000000002,True,50,0.00078125,True,ads7828_saturation_tgs2600
2026-07-28T11:43:21.162Z,56.0000737900009,56,4.602637000061804,0.07379000089713372,3332,2.03369140625,1744,1.064453125,1744,1.064453125,4095,2.4993896484375,3332,2.03369140625,2792,1.7041015625,True,205,0.0032031250000000002,True,48,0.00075,True,ads7828_saturation_tgs2600
2026-07-28T11:43:22.162Z,57.00006497499999,57,4.592211000272073,0.06497499998658895,3330,2.032470703125,1800,1.0986328125,1744,1.064453125,4095,2.4993896484375,3332,2.03369140625,2792,1.7041015625,True,205,0.0032031250000000002,True,50,0.00078125,True,ads7828_saturation_tgs2600
2026-07-28T11:43:23.162Z,58.00007127600111,58,4.614118999597849,0.07127600110834464,3332,2.03369140625,1784,1.0888671875,1744,1.064453125,4095,2.4993896484375,3336,2.0361328125,2788,1.70166015625,True,205,0.0032031250000000002,True,47,0.000734375,True,ads7828_saturation_tgs2600
2026-07-28T11:43:24.162Z,59.00007014000039,59,4.563508000501315,0.07014000038907398,3328,2.03125,1849,1.1285400390625,1738,1.060791015625,4095,2.4993896484375,3328,2.03125,2784,1.69921875,True,206,0.0032187500000000003,True,44,0.0006875,True,ads7828_saturation_tgs2600
2026-07-28T11:43:25.162Z,60.00007197300147,60,4.593100999045419,0.07197300146799535,3316,2.02392578125,1801,1.0992431640625,1732,1.05712890625,4095,2.4993896484375,3320,2.0263671875,2776,1.6943359375,True,205,0.0032031250000000002,True,45,0.000703125,True,ads7828_saturation_tgs2600
2026-07-28T11:43:26.162Z,61.00006601700079,61,4.580840999551583,0.06601700079045258,3316,2.02392578125,1816,1.1083984375,1732,1.05712890625,4095,2.4993896484375,3320,2.0263671875,2778,1.695556640625,True,206,0.0032187500000000003,True,43,0.0006718750000000001,True,ads7828_saturation_tgs2600
2026-07-28T11:43:27.162Z,62.00006752900117,62,4.56861999919056,0.06752900117135141,3314,2.022705078125,1780,1.08642578125,1730,1.055908203125,4095,2.4993896484375,3316,2.02392578125,2776,1.6943359375,True,203,0.003171875,True,41,0.000640625,True,ads7828_saturation_tgs2600
2026-07-28T11:43:28.162Z,63.00006273300096,63,4.561526999168564,0.0627330009592697,3316,2.02392578125,1792,1.09375,1734,1.058349609375,4095,2.4993896484375,3320,2.0263671875,2776,1.6943359375,True,205,0.0032031250000000002,True,40,0.000625,True,ads7828_saturation_tgs2600
2026-07-28T11:43:29.162Z,64.00007135099986,64,4.60445300086576,0.07135099986044224,3314,2.022705078125,1744,1.064453125,1732,1.05712890625,4095,2.4993896484375,3316,2.02392578125,2770,1.690673828125,True,207,0.0032343750000000003,True,42,0.00065625,True,ads7828_saturation_tgs2600
2026-07-28T11:43:30.162Z,65.00004121600068,65,4.588304000208154,0.041216000681743026,3316,2.02392578125,1800,1.0986328125,1732,1.05712890625,4095,2.4993896484375,3320,2.0263671875,2770,1.690673828125,True,205,0.0032031250000000002,True,42,0.00065625,True,ads7828_saturation_tgs2600
2026-07-28T11:43:31.162Z,66.00006279000081,66,4.555933999654371,0.06279000081121922,3316,2.02392578125,1732,1.05712890625,1734,1.058349609375,4095,2.4993896484375,3320,2.0263671875,2768,1.689453125,True,203,0.003171875,True,41,0.000640625,True,ads7828_saturation_tgs2600
2026-07-28T11:43:32.162Z,67.00006168600157,67,4.538952998700552,0.06168600157252513,3312,2.021484375,1753,1.0699462890625,1734,1.058349609375,4095,2.4993896484375,3316,2.02392578125,2768,1.689453125,True,202,0.00315625,True,43,0.0006718750000000001,True,ads7828_saturation_tgs2600
2026-07-28T11:43:33.162Z,68.00007562500105,68,4.5756939998682356,0.07562500104540959,3320,2.0263671875,1729,1.0552978515625,1736,1.0595703125,4095,2.4993896484375,3320,2.0263671875,2768,1.689453125,True,203,0.003171875,True,45,0.000703125,True,ads7828_saturation_tgs2600
2026-07-28T11:43:34.162Z,69.0000643300009,69,4.570379000142566,0.06433000089600682,3316,2.02392578125,1844,1.12548828125,1736,1.0595703125,4095,2.4993896484375,3320,2.0263671875,2768,1.689453125,True,202,0.00315625,True,43,0.0006718750000000001,True,ads7828_saturation_tgs2600
2026-07-28T11:43:35.162Z,70.00007176200052,70,4.570266999508021,0.07176200051617343,3316,2.02392578125,1796,1.09619140625,1736,1.0595703125,4095,2.4993896484375,3328,2.03125,2764,1.68701171875,True,200,0.003125,True,44,0.0006875,True,ads7828_saturation_tgs2600
2026-07-28T11:43:36.162Z,71.00006503500117,71,4.558638000162318,0.06503500117105432,3320,2.0263671875,1772,1.08154296875,1736,1.0595703125,4095,2.4993896484375,3328,2.03125,2764,1.68701171875,True,201,0.003140625,True,45,0.000703125,True,ads7828_saturation_tgs2600
2026-07-28T11:43:37.162Z,72.0000679980003,72,4.559193999739364,0.06799800030421466,3328,2.03125,1768,1.0791015625,1736,1.0595703125,4095,2.4993896484375,3328,2.03125,2764,1.68701171875,True,199,0.003109375,True,48,0.00075,True,ads7828_saturation_tgs2600
2026-07-28T11:43:38.162Z,73.00006102400039,73,4.557730000669835,0.06102400038798805,3328,2.03125,1792,1.09375,1736,1.0595703125,4095,2.4993896484375,3328,2.03125,2762,1.685791015625,True,201,0.003140625,True,49,0.000765625,True,ads7828_saturation_tgs2600
2026-07-28T11:43:39.162Z,74.00006890700024,74,4.581842000334291,0.06890700024086982,3320,2.0263671875,1746,1.065673828125,1732,1.05712890625,4095,2.4993896484375,3328,2.03125,2756,1.68212890625,True,201,0.003140625,True,48,0.00075,True,ads7828_saturation_tgs2600
2026-07-28T11:43:40.162Z,75.00006590700104,75,4.570360999423428,0.06590700104425196,3314,2.022705078125,1792,1.09375,1732,1.05712890625,4095,2.4993896484375,3328,2.03125,2756,1.68212890625,True,201,0.003140625,True,47,0.000734375,True,ads7828_saturation_tgs2600
2026-07-28T11:43:41.162Z,76.00006945099994,76,4.571194000163814,0.06945099994482007,3320,2.0263671875,1801,1.0992431640625,1733,1.0577392578125,4095,2.4993896484375,3328,2.03125,2754,1.680908203125,True,199,0.003109375,True,49,0.000765625,True,ads7828_saturation_tgs2600
2026-07-28T11:43:42.162Z,77.00006574200052,77,4.553304999717511,0.06574200051545631,3320,2.0263671875,1732,1.05712890625,1730,1.055908203125,4095,2.4993896484375,3328,2.03125,2752,1.6796875,True,199,0.003109375,True,49,0.000765625,True,ads7828_saturation_tgs2600
2026-07-28T11:43:43.162Z,78.00006407500041,78,4.517379000390065,0.06407500040950254,3320,2.0263671875,1796,1.09619140625,1732,1.05712890625,4095,2.4993896484375,3328,2.03125,2752,1.6796875,True,198,0.00309375,True,49,0.000765625,True,ads7828_saturation_tgs2600
2026-07-28T11:43:44.162Z,79.00007328600077,79,4.599211999448016,0.07328600077016745,3316,2.02392578125,1796,1.09619140625,1732,1.05712890625,4095,2.4993896484375,3320,2.0263671875,2752,1.6796875,True,201,0.003140625,True,49,0.000765625,True,ads7828_saturation_tgs2600
2026-07-28T11:43:45.162Z,80.00008233600056,80,4.605082000125549,0.08233600055973511,3314,2.022705078125,1797,1.0968017578125,1732,1.05712890625,4095,2.4993896484375,3320,2.0263671875,2752,1.6796875,True,202,0.00315625,True,51,0.0007968750000000001,True,ads7828_saturation_tgs2600
2026-07-28T11:43:46.162Z,81.00007091000043,81,4.578600999593618,0.07091000043146778,3316,2.02392578125,1786,1.090087890625,1732,1.05712890625,4095,2.4993896484375,3328,2.03125,2752,1.6796875,True,202,0.00315625,True,51,0.0007968750000000001,True,ads7828_saturation_tgs2600
2026-07-28T11:43:47.162Z,82.00006947100155,82,4.569008999169455,0.06947100155230146,3316,2.02392578125,1796,1.09619140625,1732,1.05712890625,4095,2.4993896484375,3320,2.0263671875,2744,1.6748046875,True,202,0.00315625,True,51,0.0007968750000000001,True,ads7828_saturation_tgs2600
2026-07-28T11:43:48.162Z,83.000064965001,83,4.552934999082936,0.06496500100183766,3320,2.0263671875,1872,1.142578125,1732,1.05712890625,4095,2.4993896484375,3320,2.0263671875,2744,1.6748046875,True,203,0.003171875,True,50,0.00078125,True,ads7828_saturation_tgs2600
2026-07-28T11:43:49.162Z,84.00007159500092,84,4.562860000078217,0.07159500091802329,3312,2.021484375,1874,1.143798828125,1728,1.0546875,4095,2.4993896484375,3316,2.02392578125,2740,1.67236328125,True,199,0.003109375,True,49,0.000765625,True,ads7828_saturation_tgs2600
2026-07-28T11:43:50.162Z,85.00006362000022,85,4.54958299997088,0.06362000021908898,3316,2.02392578125,1784,1.0888671875,1730,1.055908203125,4095,2.4993896484375,3320,2.0263671875,2744,1.6748046875,True,199,0.003109375,True,50,0.00078125,True,ads7828_saturation_tgs2600
2026-07-28T11:43:51.162Z,86.00007059500058,86,4.563026999676367,0.07059500057948753,3320,2.0263671875,1748,1.06689453125,1736,1.0595703125,4095,2.4993896484375,3328,2.03125,2744,1.6748046875,True,199,0.003109375,True,50,0.00078125,True,ads7828_saturation_tgs2600
2026-07-28T11:43:52.162Z,87.00006357600068,87,4.465916999834008,0.06357600068440661,3328,2.03125,1768,1.0791015625,1738,1.060791015625,4095,2.4993896484375,3330,2.032470703125,2746,1.676025390625,True,199,0.003109375,True,51,0.0007968750000000001,True,ads7828_saturation_tgs2600
2026-07-28T11:43:53.162Z,88.00007134100088,88,4.561841999020544,0.07134100087569095,3328,2.03125,1800,1.0986328125,1742,1.063232421875,4095,2.4993896484375,3328,2.03125,2752,1.6796875,True,198,0.00309375,True,54,0.00084375,True,ads7828_saturation_tgs2600
2026-07-28T11:43:54.162Z,89.0000641860006,89,4.572546000417788,0.06418600059987511,3328,2.03125,1760,1.07421875,1740,1.06201171875,4095,2.4993896484375,3336,2.0361328125,2752,1.6796875,True,200,0.003125,True,54,0.00084375,True,ads7828_saturation_tgs2600
2026-07-28T11:43:55.162Z,90.00006529600068,90,4.581342000165023,0.0652960006846115,3332,2.03369140625,1750,1.068115234375,1744,1.064453125,4095,2.4993896484375,3336,2.0361328125,2746,1.676025390625,True,198,0.00309375,True,54,0.00084375,True,ads7828_saturation_tgs2600
2026-07-28T11:43:56.162Z,91.0000619850016,91,4.546379999737837,0.061985001593711786,3332,2.03369140625,1740,1.06201171875,1744,1.064453125,4095,2.4993896484375,3336,2.0361328125,2745,1.6754150390625,True,198,0.00309375,True,54,0.00084375,True,ads7828_saturation_tgs2600
2026-07-28T11:43:57.162Z,92.00007249600094,92,4.573971998979687,0.07249600093928166,3328,2.03125,1754,1.070556640625,1737,1.0601806640625,4095,2.4993896484375,3328,2.03125,2740,1.67236328125,True,195,0.003046875,True,52,0.0008125000000000001,True,ads7828_saturation_tgs2600
2026-07-28T11:43:58.162Z,93.00006430900066,93,4.5452680005837465,0.06430900066334289,3328,2.03125,1744,1.064453125,1738,1.060791015625,4095,2.4993896484375,3328,2.03125,2740,1.67236328125,True,196,0.0030625,True,52,0.0008125000000000001,True,ads7828_saturation_tgs2600
2026-07-28T11:43:59.162Z,94.00007555299999,94,4.620064000846469,0.07555299998784903,3328,2.03125,1764,1.07666015625,1738,1.060791015625,4095,2.4993896484375,3328,2.03125,2740,1.67236328125,True,200,0.003125,True,56,0.000875,True,ads7828_saturation_tgs2600
2026-07-28T11:44:00.162Z,95.00006878600107,95,4.574489999868092,0.06878600106574595,3328,2.03125,1760,1.07421875,1736,1.0595703125,4095,2.4993896484375,3328,2.03125,2737,1.6705322265625,True,197,0.003078125,True,54,0.00084375,True,ads7828_saturation_tgs2600
2026-07-28T11:44:01.162Z,96.00006895000115,96,4.576360999635654,0.06895000115036964,3328,2.03125,1782,1.087646484375,1738,1.060791015625,4095,2.4993896484375,3330,2.032470703125,2740,1.67236328125,True,196,0.0030625,True,55,0.000859375,True,ads7828_saturation_tgs2600
2026-07-28T11:44:02.162Z,97.00006413800111,97,4.578046000460745,0.06413800110749435,3328,2.03125,1774,1.082763671875,1736,1.0595703125,4095,2.4993896484375,3328,2.03125,2740,1.67236328125,True,194,0.00303125,True,58,0.00090625,True,ads7828_saturation_tgs2600
2026-07-28T11:44:03.162Z,98.00006516600115,98,4.565674998957547,0.06516600114991888,3328,2.03125,1762,1.075439453125,1736,1.0595703125,4095,2.4993896484375,3328,2.03125,2736,1.669921875,True,196,0.0030625,True,57,0.000890625,True,ads7828_saturation_tgs2600
2026-07-28T11:44:04.162Z,99.0000672920014,99,4.546768999716733,0.06729200140398461,3328,2.03125,1768,1.0791015625,1736,1.0595703125,4095,2.4993896484375,3328,2.03125,2736,1.669921875,True,193,0.003015625,True,54,0.00084375,True,ads7828_saturation_tgs2600
2026-07-28T11:44:05.162Z,100.0000730160009,100,4.591990998960682,0.07301600089704152,3328,2.03125,1784,1.0888671875,1734,1.058349609375,4095,2.4993896484375,3328,2.03125,2736,1.669921875,True,192,0.003,True,58,0.00090625,True,ads7828_saturation_tgs2600
2026-07-28T11:44:06.162Z,101.00006728400149,101,4.576471999826026,0.06728400148858782,3320,2.0263671875,1792,1.09375,1732,1.05712890625,4095,2.4993896484375,3328,2.03125,2732,1.66748046875,True,194,0.00303125,True,57,0.000890625,True,ads7828_saturation_tgs2600
2026-07-28T11:44:07.162Z,102.00006500200107,102,4.555101999358158,0.06500200106529519,3320,2.0263671875,1780,1.08642578125,1732,1.05712890625,4095,2.4993896484375,3328,2.03125,2732,1.66748046875,True,193,0.003015625,True,55,0.000859375,True,ads7828_saturation_tgs2600
2026-07-28T11:44:08.162Z,103.00006391100032,103,4.535046000455623,0.06391100032487884,3328,2.03125,1770,1.080322265625,1733,1.0577392578125,4095,2.4993896484375,3328,2.03125,2732,1.66748046875,True,191,0.002984375,True,58,0.00090625,True,ads7828_saturation_tgs2600
2026-07-28T11:44:09.162Z,104.00007271400136,104,4.564823999317014,0.07271400136232842,3328,2.03125,1784,1.0888671875,1732,1.05712890625,4095,2.4993896484375,3328,2.03125,2730,1.666259765625,True,194,0.00303125,True,59,0.0009218750000000001,True,ads7828_saturation_tgs2600
2026-07-28T11:44:10.162Z,105.00007913400077,105,4.6040649995120475,0.07913400077086408,3328,2.03125,1765,1.0772705078125,1732,1.05712890625,4095,2.4993896484375,3328,2.03125,2730,1.666259765625,True,194,0.00303125,True,57,0.000890625,True,ads7828_saturation_tgs2600
2026-07-28T11:44:11.162Z,106.00006846799988,106,4.577862000587629,0.06846799988124985,3328,2.03125,1776,1.083984375,1732,1.05712890625,4095,2.4993896484375,3328,2.03125,2730,1.666259765625,True,195,0.003046875,True,56,0.000875,True,ads7828_saturation_tgs2600
2026-07-28T11:44:12.162Z,107.00006465900151,107,4.554324999844539,0.06465900150942616,3328,2.03125,1780,1.08642578125,1732,1.05712890625,4095,2.4993896484375,3328,2.03125,2729,1.6656494140625,True,194,0.00303125,True,55,0.000859375,True,ads7828_saturation_tgs2600
2026-07-28T11:44:13.162Z,108.00006928200128,108,4.548232000161079,0.06928200127731543,3328,2.03125,1792,1.09375,1736,1.0595703125,4095,2.4993896484375,3330,2.032470703125,2730,1.666259765625,True,192,0.003,True,51,0.0007968750000000001,True,ads7828_saturation_tgs2600
2026-07-28T11:44:14.162Z,109.00007426200136,109,4.611620999639854,0.07426200136251282,3328,2.03125,1776,1.083984375,1736,1.0595703125,4095,2.4993896484375,3336,2.0361328125,2730,1.666259765625,True,193,0.003015625,True,49,0.000765625,True,ads7828_saturation_tgs2600
2026-07-28T11:44:15.162Z,110.0000761930005,110,4.616157999407733,0.07619300049555022,3336,2.0361328125,1776,1.083984375,1738,1.060791015625,4095,2.4993896484375,3336,2.0361328125,2729,1.6656494140625,True,191,0.002984375,True,46,0.00071875,True,ads7828_saturation_tgs2600
2026-07-28T11:44:16.162Z,111.00007005500083,111,4.562991000057082,0.07005500083323568,3334,2.034912109375,1760,1.07421875,1740,1.06201171875,4095,2.4993896484375,3336,2.0361328125,2729,1.6656494140625,True,190,0.00296875,True,48,0.00075,True,ads7828_saturation_tgs2600
2026-07-28T11:44:17.162Z,112.00007184800052,112,5.034728999817162,0.07184800051618367,3328,2.03125,1745,1.0650634765625,1736,1.0595703125,4095,2.4993896484375,3336,2.0361328125,2728,1.6650390625,True,187,0.002921875,True,51,0.0007968750000000001,True,ads7828_saturation_tgs2600
2026-07-28T11:44:18.162Z,113.00006696300079,113,4.559897999570239,0.06696300079056527,3332,2.03369140625,1760,1.07421875,1736,1.0595703125,4095,2.4993896484375,3338,2.037353515625,2728,1.6650390625,True,188,0.0029375,True,50,0.00078125,True,ads7828_saturation_tgs2600
2026-07-28T11:44:19.162Z,114.00006771300104,114,4.55443499959074,0.06771300104446709,3330,2.032470703125,1766,1.077880859375,1734,1.058349609375,4095,2.4993896484375,3336,2.0361328125,2724,1.66259765625,True,188,0.0029375,True,50,0.00078125,True,ads7828_saturation_tgs2600
2026-07-28T11:44:20.162Z,115.00006624600064,115,4.531287000645534,0.06624600064242259,3332,2.03369140625,1792,1.09375,1736,1.0595703125,4095,2.4993896484375,3336,2.0361328125,2728,1.6650390625,True,190,0.00296875,True,51,0.0007968750000000001,True,ads7828_saturation_tgs2600
2026-07-28T11:44:21.162Z,116.00006970899994,116,4.795842000021366,0.0697089999448508,3332,2.03369140625,1836,1.12060546875,1736,1.0595703125,4095,2.4993896484375,3336,2.0361328125,2724,1.66259765625,True,189,0.002953125,True,51,0.0007968750000000001,True,ads7828_saturation_tgs2600
2026-07-28T11:44:22.162Z,117.00006669800132,117,4.56069499887235,0.0666980013193097,3329,2.0318603515625,1756,1.07177734375,1736,1.0595703125,4095,2.4993896484375,3332,2.03369140625,2724,1.66259765625,True,190,0.00296875,True,49,0.000765625,True,ads7828_saturation_tgs2600
2026-07-28T11:44:23.162Z,118.00007463700058,118,4.608360999554861,0.07463700057996903,3332,2.03369140625,1764,1.07666015625,1736,1.0595703125,4095,2.4993896484375,3336,2.0361328125,2720,1.66015625,True,190,0.00296875,True,47,0.000734375,True,ads7828_saturation_tgs2600
2026-07-28T11:44:24.162Z,119.0000700820001,119,4.573879999952624,0.07008200009295251,3329,2.0318603515625,1812,1.10595703125,1736,1.0595703125,4095,2.4993896484375,3336,2.0361328125,2720,1.66015625,True,190,0.00296875,True,48,0.00075,True,ads7828_saturation_tgs2600
2026-07-28T11:44:25.162Z,120.00006751300134,120,4.59765799860179,0.06751300134055782,3332,2.03369140625,1780,1.08642578125,1736,1.0595703125,4095,2.4993896484375,3336,2.0361328125,2720,1.66015625,True,191,0.002984375,True,49,0.000765625,True,ads7828_saturation_tgs2600
2026-07-28T11:44:26.162Z,121.00006674600081,121,4.585380000207806,0.06674600081169046,3332,2.03369140625,1776,1.083984375,1736,1.0595703125,4095,2.4993896484375,3336,2.0361328125,2720,1.66015625,True,190,0.00296875,True,48,0.00075,True,ads7828_saturation_tgs2600
2026-07-28T11:44:27.162Z,122.00006828200094,122,4.566731999148033,0.06828200093877967,3330,2.032470703125,1729,1.0552978515625,1734,1.058349609375,4095,2.4993896484375,3332,2.03369140625,2720,1.66015625,True,189,0.002953125,True,47,0.000734375,True,ads7828_saturation_tgs2600
2026-07-28T11:44:28.162Z,123.00006687800123,123,4.549842999040266,0.06687800123472698,3330,2.032470703125,1724,1.05224609375,1736,1.0595703125,4095,2.4993896484375,3336,2.0361328125,2720,1.66015625,True,190,0.00296875,True,47,0.000734375,True,ads7828_saturation_tgs2600
2026-07-28T11:44:29.162Z,124.0000764610013,124,4.613158000211115,0.07646100129932165,3330,2.032470703125,1752,1.0693359375,1736,1.0595703125,4095,2.4993896484375,3337,2.0367431640625,2720,1.66015625,True,189,0.002953125,True,45,0.000703125,True,ads7828_saturation_tgs2600
2026-07-28T11:44:30.162Z,125.00007401400035,125,4.582454001138103,0.07401400034723338,3328,2.03125,1792,1.09375,1736,1.0595703125,4095,2.4993896484375,3336,2.0361328125,2720,1.66015625,True,190,0.00296875,True,46,0.00071875,True,ads7828_saturation_tgs2600
2026-07-28T11:44:31.162Z,126.00006896100058,126,4.583490999721107,0.06896100057929289,3328,2.03125,1777,1.0845947265625,1736,1.0595703125,4095,2.4993896484375,3336,2.0361328125,2720,1.66015625,True,189,0.002953125,True,45,0.000703125,True,ads7828_saturation_tgs2600
2026-07-28T11:44:32.162Z,127.00006561700138,127,4.561250998449395,0.06561700138263404,3330,2.032470703125,1788,1.09130859375,1736,1.0595703125,4095,2.4993896484375,3336,2.0361328125,2716,1.65771484375,True,187,0.002921875,True,43,0.0006718750000000001,True,ads7828_saturation_tgs2600
2026-07-28T11:44:33.162Z,128.00007977899986,128,4.596750000928296,0.07977899986144621,3330,2.032470703125,1738,1.060791015625,1736,1.0595703125,4095,2.4993896484375,3336,2.0361328125,2716,1.65771484375,True,188,0.0029375,True,42,0.00065625,True,ads7828_saturation_tgs2600
2026-07-28T11:44:34.162Z,129.00007531600022,129,4.59889900048438,0.07531600022048224,3329,2.0318603515625,1780,1.08642578125,1736,1.0595703125,4095,2.4993896484375,3336,2.0361328125,2714,1.656494140625,True,187,0.002921875,True,42,0.00065625,True,ads7828_saturation_tgs2600
2026-07-28T11:44:35.162Z,130.00007335900045,130,4.593732999637723,0.07335900045291055,3330,2.032470703125,1784,1.0888671875,1736,1.0595703125,4095,2.4993896484375,3336,2.0361328125,2714,1.656494140625,True,189,0.002953125,True,42,0.00065625,True,ads7828_saturation_tgs2600
2026-07-28T11:44:36.162Z,131.00007420400107,131,4.60436200046388,0.07420400106639136,3330,2.032470703125,1776,1.083984375,1736,1.0595703125,4095,2.4993896484375,3336,2.0361328125,2716,1.65771484375,True,188,0.0029375,True,40,0.000625,True,ads7828_saturation_tgs2600
2026-07-28T11:44:37.162Z,132.00006838800073,132,4.57271400046011,0.0683880007272819,3328,2.03125,1754,1.070556640625,1736,1.0595703125,4095,2.4993896484375,3336,2.0361328125,2716,1.65771484375,True,189,0.002953125,True,38,0.00059375,True,ads7828_saturation_tgs2600
2026-07-28T11:44:38.162Z,133.0000660400001,133,4.60810300137382,0.06604000009247102,3328,2.03125,1778,1.085205078125,1736,1.0595703125,4095,2.4993896484375,3332,2.03369140625,2712,1.6552734375,True,187,0.002921875,True,37,0.000578125,True,ads7828_saturation_tgs2600
2026-07-28T11:44:39.162Z,134.0000690500001,134,4.57286200071394,0.06905000009282958,3328,2.03125,1768,1.0791015625,1734,1.058349609375,4095,2.4993896484375,3332,2.03369140625,2712,1.6552734375,True,187,0.002921875,True,36,0.0005625000000000001,True,ads7828_saturation_tgs2600
2026-07-28T11:44:40.162Z,135.00006958300037,135,4.553787999611814,0.06958300036785658,3328,2.03125,1764,1.07666015625,1734,1.058349609375,4095,2.4993896484375,3332,2.03369140625,2712,1.6552734375,True,188,0.0029375,True,36,0.0005625000000000001,True,ads7828_saturation_tgs2600
2026-07-28T11:44:41.162Z,136.00006439900062,136,4.495491999477963,0.06439900062105153,3328,2.03125,1722,1.051025390625,1734,1.058349609375,4095,2.4993896484375,3336,2.0361328125,2712,1.6552734375,True,188,0.0029375,True,36,0.0005625000000000001,True,ads7828_saturation_tgs2600
2026-07-28T11:44:42.162Z,137.00006718300028,137,4.566010000417009,0.06718300028296653,3328,2.03125,1876,1.14501953125,1734,1.058349609375,4095,2.4993896484375,3336,2.0361328125,2710,1.654052734375,True,186,0.00290625,True,36,0.0005625000000000001,True,ads7828_saturation_tgs2600
2026-07-28T11:44:43.162Z,138.0000642140003,138,4.534122001132346,0.0642140003037639,3328,2.03125,1860,1.13525390625,1732,1.05712890625,4095,2.4993896484375,3332,2.03369140625,2708,1.65283203125,True,187,0.002921875,True,36,0.0005625000000000001,True,ads7828_saturation_tgs2600
2026-07-28T11:44:44.162Z,139.00007364000157,139,4.617379998308024,0.07364000157394912,3328,2.03125,1872,1.142578125,1732,1.05712890625,4095,2.4993896484375,3336,2.0361328125,2708,1.65283203125,True,185,0.002890625,True,37,0.000578125,True,ads7828_saturation_tgs2600
2026-07-28T11:44:45.162Z,140.00007496000035,140,4.601529000865412,0.07496000034734607,3328,2.03125,1860,1.13525390625,1734,1.058349609375,4095,2.4993896484375,3336,2.0361328125,2706,1.651611328125,True,187,0.002921875,True,36,0.0005625000000000001,True,ads7828_saturation_tgs2600
2026-07-28T11:44:46.162Z,141.00006569200013,141,4.583825000736397,0.06569200013473164,3328,2.03125,1804,1.10107421875,1732,1.05712890625,4095,2.4993896484375,3330,2.032470703125,2704,1.650390625,True,185,0.002890625,True,33,0.000515625,True,ads7828_saturation_tgs2600
2026-07-28T11:44:47.162Z,142.00006378200123,142,4.561583999020513,0.06378200123435818,3320,2.0263671875,1748,1.06689453125,1729,1.0552978515625,4095,2.4993896484375,3328,2.03125,2704,1.650390625,True,184,0.002875,True,35,0.000546875,True,ads7828_saturation_tgs2600
2026-07-28T11:44:48.162Z,143.00006272800056,143,4.547696000372525,0.06272800055739935,3328,2.03125,1722,1.051025390625,1736,1.0595703125,4095,2.4993896484375,3332,2.03369140625,2704,1.650390625,True,189,0.002953125,True,34,0.00053125,True,ads7828_saturation_tgs2600
2026-07-28T11:44:49.162Z,144.00006844000018,144,4.548844000964891,0.06844000017736107,3329,2.0318603515625,1773,1.0821533203125,1736,1.0595703125,4095,2.4993896484375,3330,2.032470703125,2704,1.650390625,True,188,0.0029375,True,33,0.000515625,True,ads7828_saturation_tgs2600
2026-07-28T11:44:50.162Z,145.00006326900075,145,4.54697299937834,0.06326900074782316,3330,2.032470703125,1872,1.142578125,1736,1.0595703125,4095,2.4993896484375,3332,2.03369140625,2704,1.650390625,True,192,0.003,True,34,0.00053125,True,ads7828_saturation_tgs2600
2026-07-28T11:44:51.162Z,146.0000681390011,146,4.565715000353521,0.06813900108681992,3328,2.03125,1740,1.06201171875,1734,1.058349609375,4095,2.4993896484375,3328,2.03125,2700,1.64794921875,True,188,0.0029375,True,33,0.000515625,True,ads7828_saturation_tgs2600
2026-07-28T11:44:52.162Z,147.00006497800132,147,4.542937000223901,0.0649780013191048,3328,2.03125,1778,1.085205078125,1733,1.0577392578125,4095,2.4993896484375,3328,2.03125,2700,1.64794921875,True,186,0.00290625,True,31,0.000484375,True,ads7828_saturation_tgs2600
2026-07-28T11:44:53.162Z,148.00006684100117,148,4.567529000269133,0.06684100117126945,3328,2.03125,1804,1.10107421875,1734,1.058349609375,4095,2.4993896484375,3328,2.03125,2704,1.650390625,True,185,0.002890625,True,28,0.0004375,True,ads7828_saturation_tgs2600
2026-07-28T11:44:54.162Z,149.0000655240001,149,4.5616590014105896,0.06552400009240955,3328,2.03125,1786,1.090087890625,1733,1.0577392578125,4095,2.4993896484375,3328,2.03125,2704,1.650390625,True,182,0.00284375,True,29,0.000453125,True,ads7828_saturation_tgs2600
2026-07-28T11:44:55.162Z,150.00006673100143,150,4.581250999763142,0.06673100142506883,3328,2.03125,1732,1.05712890625,1732,1.05712890625,4095,2.4993896484375,3332,2.03369140625,2700,1.64794921875,True,182,0.00284375,True,27,0.000421875,True,ads7828_saturation_tgs2600
2026-07-28T11:44:56.162Z,151.0000692020003,151,4.570937000607955,0.06920200030435808,3332,2.03369140625,1784,1.0888671875,1736,1.0595703125,4095,2.4993896484375,3332,2.03369140625,2704,1.650390625,True,185,0.002890625,True,27,0.000421875,True,ads7828_saturation_tgs2600
2026-07-28T11:44:57.162Z,152.00007210500007,152,4.5762879999529105,0.07210500007204246,3328,2.03125,1770,1.080322265625,1734,1.058349609375,4095,2.4993896484375,3330,2.032470703125,2700,1.64794921875,True,185,0.002890625,True,28,0.0004375,True,ads7828_saturation_tgs2600
2026-07-28T11:44:58.162Z,153.00006388300062,153,4.508714999246877,0.06388300062099006,3328,2.03125,1741,1.0626220703125,1733,1.0577392578125,4095,2.4993896484375,3332,2.03369140625,2700,1.64794921875,True,184,0.002875,True,27,0.000421875,True,ads7828_saturation_tgs2600
2026-07-28T11:44:59.162Z,154.0000730740012,154,4.6105660003377125,0.07307400119316299,3328,2.03125,1781,1.0870361328125,1734,1.058349609375,4095,2.4993896484375,3332,2.03369140625,2698,1.646728515625,True,181,0.002828125,True,27,0.000421875,True,ads7828_saturation_tgs2600
2026-07-28T11:45:00.162Z,155.00007084400022,155,4.570474000502145,0.07084400021994952,3328,2.03125,1746,1.065673828125,1736,1.0595703125,4095,2.4993896484375,3332,2.03369140625,2700,1.64794921875,True,180,0.0028125,True,24,0.000375,True,ads7828_saturation_tgs2600
2026-07-28T11:45:01.162Z,156.00007484200069,156,4.615214000295964,0.07484200068574864,3332,2.03369140625,1818,1.109619140625,1736,1.0595703125,4095,2.4993896484375,3334,2.034912109375,2700,1.64794921875,True,182,0.00284375,True,25,0.000390625,True,ads7828_saturation_tgs2600
2026-07-28T11:45:02.162Z,157.00007236400052,157,4.580713999530417,0.07236400051624514,3328,2.03125,1804,1.10107421875,1736,1.0595703125,4095,2.4993896484375,3332,2.03369140625,2698,1.646728515625,True,181,0.002828125,True,22,0.00034375,True,ads7828_saturation_tgs2600
2026-07-28T11:45:03.162Z,158.00006953900083,158,4.586806000588695,0.06953900083317421,3328,2.03125,1720,1.0498046875,1732,1.05712890625,4095,2.4993896484375,3328,2.03125,2692,1.64306640625,True,181,0.002828125,True,20,0.0003125,True,ads7828_saturation_tgs2600
2026-07-28T11:45:04.162Z,159.00007688500045,159,4.5982880001247395,0.07688500045333058,3328,2.03125,1776,1.083984375,1732,1.05712890625,4095,2.4993896484375,3332,2.03369140625,2696,1.6455078125,True,179,0.002796875,True,22,0.00034375,True,ads7828_saturation_tgs2600
2026-07-28T11:45:05.162Z,160.0000714400012,160,4.588769999827491,0.07144000119296834,3328,2.03125,1768,1.0791015625,1732,1.05712890625,4095,2.4993896484375,3328,2.03125,2694,1.644287109375,True,179,0.002796875,True,19,0.000296875,True,ads7828_saturation_tgs2600
2026-07-28T11:45:06.162Z,161.00006661200132,161,4.584344000249985,0.06661200131929945,3320,2.0263671875,1746,1.065673828125,1728,1.0546875,4095,2.4993896484375,3328,2.03125,2692,1.64306640625,True,179,0.002796875,True,20,0.0003125,True,ads7828_saturation_tgs2600
2026-07-28T11:45:07.162Z,162.00006476999988,162,4.568066000501858,0.06476999988080934,3320,2.0263671875,1805,1.1016845703125,1728,1.0546875,4095,2.4993896484375,3328,2.03125,2692,1.64306640625,True,178,0.00278125,True,20,0.0003125,True,ads7828_saturation_tgs2600
2026-07-28T11:45:08.162Z,163.00006291499994,163,4.559048000373878,0.06291499994404148,3328,2.03125,1712,1.044921875,1733,1.0577392578125,4095,2.4993896484375,3330,2.032470703125,2696,1.6455078125,True,178,0.00278125,True,20,0.0003125,True,ads7828_saturation_tgs2600
2026-07-28T11:45:09.162Z,164.00007130500126,164,4.575418999593239,0.07130500125640538,3332,2.03369140625,1794,1.094970703125,1736,1.0595703125,4095,2.4993896484375,3336,2.0361328125,2696,1.6455078125,True,182,0.00284375,True,19,0.000296875,True,ads7828_saturation_tgs2600
2026-07-28T11:45:10.162Z,165.00006594200022,165,4.5718990004388615,0.06594200021936558,3330,2.032470703125,1696,1.03515625,1737,1.0601806640625,4095,2.4993896484375,3336,2.0361328125,2696,1.6455078125,True,183,0.002859375,True,17,0.000265625,True,ads7828_saturation_tgs2600
2026-07-28T11:45:11.162Z,166.00006589800068,166,4.549344999759342,0.06589800068468321,3332,2.03369140625,1804,1.10107421875,1736,1.0595703125,4095,2.4993896484375,3336,2.0361328125,2696,1.6455078125,True,182,0.00284375,True,14,0.00021875,True,ads7828_saturation_tgs2600
2026-07-28T11:45:12.162Z,167.00006402700092,167,4.9174910000147065,0.06402700091712177,3332,2.03369140625,1792,1.09375,1736,1.0595703125,4095,2.4993896484375,3336,2.0361328125,2698,1.646728515625,True,179,0.002796875,True,15,0.000234375,True,ads7828_saturation_tgs2600
2026-07-28T11:45:13.162Z,168.00006627200128,168,4.509475000304519,0.06627200127695687,3336,2.0361328125,1796,1.09619140625,1738,1.060791015625,4095,2.4993896484375,3340,2.03857421875,2696,1.6455078125,True,180,0.0028125,True,15,0.000234375,True,ads7828_saturation_tgs2600
2026-07-28T11:45:14.162Z,169.00007331900088,169,4.58439899921359,0.07331900087592658,3332,2.03369140625,1753,1.0699462890625,1738,1.060791015625,4095,2.4993896484375,3332,2.03369140625,2690,1.641845703125,True,183,0.002859375,True,14,0.00021875,True,ads7828_saturation_tgs2600
2026-07-28T11:45:15.162Z,170.0000713139998,170,4.5841590017516864,0.07131399979698472,3328,2.03125,1748,1.06689453125,1732,1.05712890625,4095,2.4993896484375,3332,2.03369140625,2692,1.64306640625,True,177,0.002765625,True,13,0.00020312500000000002,True,ads7828_saturation_tgs2600
2026-07-28T11:45:16.162Z,171.0000662780003,171,4.562269999951241,0.06627800030400977,3328,2.03125,1770,1.080322265625,1730,1.055908203125,4095,2.4993896484375,3330,2.032470703125,2688,1.640625,True,175,0.0027343750000000003,True,14,0.00021875,True,ads7828_saturation_tgs2600
2026-07-28T11:45:17.162Z,172.0000688580003,172,4.578289001074154,0.0688580003043171,3312,2.021484375,1744,1.064453125,1722,1.051025390625,4095,2.4993896484375,3316,2.02392578125,2688,1.640625,True,173,0.0027031250000000002,True,14,0.00021875,True,ads7828_saturation_tgs2600
2026-07-28T11:45:18.162Z,173.0000654610012,173,4.579344999001478,0.06546100121340714,3304,2.0166015625,1777,1.0845947265625,1717,1.0479736328125,4095,2.4993896484375,3312,2.021484375,2680,1.6357421875,True,174,0.0027187500000000002,True,13,0.00020312500000000002,True,ads7828_saturation_tgs2600
2026-07-28T11:45:19.162Z,174.00006608900003,174,4.561251000268385,0.06608900002902374,3304,2.0166015625,1732,1.05712890625,1717,1.0479736328125,4095,2.4993896484375,3312,2.021484375,2680,1.6357421875,True,175,0.0027343750000000003,True,14,0.00021875,True,ads7828_saturation_tgs2600
2026-07-28T11:45:20.162Z,175.00006768300045,175,4.5409190006466815,0.06768300045223441,3300,2.01416015625,1744,1.064453125,1716,1.04736328125,4095,2.4993896484375,3306,2.017822265625,2680,1.6357421875,True,178,0.00278125,True,14,0.00021875,True,ads7828_saturation_tgs2600
2026-07-28T11:45:21.162Z,176.000071339,176,4.576752000502893,0.07133899998734705,3308,2.01904296875,1756,1.07177734375,1718,1.048583984375,4095,2.4993896484375,3312,2.021484375,2682,1.636962890625,True,178,0.00278125,True,10,0.00015625,True,ads7828_saturation_tgs2600
2026-07-28T11:45:22.162Z,177.0000683520011,177,4.57927000024938,0.06835200110799633,3300,2.01416015625,1736,1.0595703125,1714,1.046142578125,4095,2.4993896484375,3304,2.0166015625,2676,1.63330078125,True,178,0.00278125,True,10,0.00015625,True,ads7828_saturation_tgs2600
2026-07-28T11:45:23.162Z,178.00007010900117,178,4.589677999319974,0.07010900117165875,3300,2.01416015625,1760,1.07421875,1716,1.04736328125,4095,2.4993896484375,3304,2.0166015625,2677,1.6339111328125,True,177,0.002765625,True,12,0.0001875,True,ads7828_saturation_tgs2600
2026-07-28T11:45:24.162Z,179.0000734840014,179,4.575918999762507,0.07348400140472222,3300,2.01416015625,1764,1.07666015625,1714,1.046142578125,4095,2.4993896484375,3304,2.0166015625,2676,1.63330078125,True,179,0.002796875,True,10,0.00015625,True,ads7828_saturation_tgs2600
2026-07-28T11:45:25.162Z,180.00007071600157,180,4.58113999957277,0.0707160015736008,3304,2.0166015625,1702,1.038818359375,1716,1.04736328125,4095,2.4993896484375,3304,2.0166015625,2676,1.63330078125,True,179,0.002796875,True,12,0.0001875,True,ads7828_saturation_tgs2600
2026-07-28T11:45:26.162Z,181.00006619300075,181,4.57897399974172,0.06619300074817147,3304,2.0166015625,1752,1.0693359375,1716,1.04736328125,4095,2.4993896484375,3306,2.017822265625,2680,1.6357421875,True,181,0.002828125,True,11,0.000171875,True,ads7828_saturation_tgs2600
2026-07-28T11:45:27.162Z,182.000068749001,182,4.571993000354269,0.06874900100228842,3304,2.0166015625,1792,1.09375,1716,1.04736328125,4095,2.4993896484375,3304,2.0166015625,2676,1.63330078125,True,181,0.002828125,True,10,0.00015625,True,ads7828_saturation_tgs2600
2026-07-28T11:45:28.162Z,183.00006127300003,183,4.54530800016073,0.06127300002845004,3304,2.0166015625,1778,1.085205078125,1718,1.048583984375,4095,2.4993896484375,3304,2.0166015625,2676,1.63330078125,True,175,0.0027343750000000003,True,11,0.000171875,True,ads7828_saturation_tgs2600
2026-07-28T11:45:29.162Z,184.0000758210008,184,4.602454999258043,0.07582100079162046,3312,2.021484375,1769,1.0797119140625,1721,1.0504150390625,4095,2.4993896484375,3308,2.01904296875,2676,1.63330078125,True,171,0.002671875,True,11,0.000171875,True,ads7828_saturation_tgs2600
2026-07-28T11:45:30.162Z,185.00006746600047,185,4.575623001073836,0.0674660004733596,3312,2.021484375,1858,1.134033203125,1722,1.051025390625,4095,2.4993896484375,3312,2.021484375,2680,1.6357421875,True,172,0.0026875000000000002,True,12,0.0001875,True,ads7828_saturation_tgs2600
2026-07-28T11:45:31.162Z,186.0000676159998,186,4.569622000417439,0.0676159997965442,3314,2.022705078125,1544,0.9423828125,1724,1.05224609375,4095,2.4993896484375,3312,2.021484375,2680,1.6357421875,True,175,0.0027343750000000003,True,13,0.00020312500000000002,True,ads7828_saturation_tgs2600
2026-07-28T11:45:32.162Z,187.00007062300028,187,4.572900999846752,0.07062300028337631,3316,2.02392578125,1696,1.03515625,1728,1.0546875,4095,2.4993896484375,3316,2.02392578125,2680,1.6357421875,True,175,0.0027343750000000003,True,12,0.0001875,True,ads7828_saturation_tgs2600
2026-07-28T11:45:33.162Z,188.00007557900062,188,4.593382000166457,0.07557900062238332,3320,2.0263671875,1696,1.03515625,1728,1.0546875,4095,2.4993896484375,3320,2.0263671875,2682,1.636962890625,True,172,0.0026875000000000002,True,11,0.000171875,True,ads7828_saturation_tgs2600
2026-07-28T11:45:34.162Z,189.00006941100037,189,4.570455999783007,0.0694110003678361,3328,2.03125,1746,1.065673828125,1730,1.055908203125,4095,2.4993896484375,3328,2.03125,2688,1.640625,True,172,0.0026875000000000002,True,10,0.00015625,True,ads7828_saturation_tgs2600
2026-07-28T11:45:35.162Z,190.00006806200145,190,4.575770999508677,0.06806200144637842,3328,2.03125,1738,1.060791015625,1728,1.0546875,4095,2.4993896484375,3320,2.0263671875,2688,1.640625,True,172,0.0026875000000000002,True,10,0.00015625,True,ads7828_saturation_tgs2600
2026-07-28T11:45:36.162Z,191.00006503300028,191,4.573623000396765,0.06503300028271042,3328,2.03125,1741,1.0626220703125,1728,1.0546875,4095,2.4993896484375,3328,2.03125,2688,1.640625,True,172,0.0026875000000000002,True,8,0.000125,True,ads7828_saturation_tgs2600
2026-07-28T11:45:37.162Z,192.0000665280004,192,4.546845000731992,0.0665280003886437,3328,2.03125,1786,1.090087890625,1728,1.0546875,4095,2.4993896484375,3328,2.03125,2682,1.636962890625,True,172,0.0026875000000000002,True,7,0.000109375,True,ads7828_saturation_tgs2600
2026-07-28T11:45:38.162Z,193.00003834200106,193,4.5550489994639065,0.03834200106211938,3328,2.03125,1740,1.06201171875,1728,1.0546875,4095,2.4993896484375,3328,2.03125,2681,1.6363525390625,True,175,0.0027343750000000003,True,9,0.00014062500000000002,True,ads7828_saturation_tgs2600
