timestamp_utc,elapsed_s,sequence,frame_duration_ms,deadline_miss_ms,tgs2620_raw,tgs2620_voltage_v,tgs2610_raw,tgs2610_voltage_v,tgs2611_raw,tgs2611_voltage_v,tgs2600_raw,tgs2600_voltage_v,tgs2602_raw,tgs2602_voltage_v,tgs2603_raw,tgs2603_voltage_v,ads7828_ok,svm41_temperature_c,svm41_relative_humidity_pct,svm41_voc_index,svm41_nox_index,svm41_ok,error_codes
2026-08-01T11:08:20.514Z,1.0000600940002187,0,18.005698999786546,0.06009400021866895,3235,1.9744873046875,2666,1.627197265625,1,0.0006103515625,776,0.4736328125,3802,2.320556640625,2650,1.617431640625,True,25.16,62.54,0.0,0.0,True,ads7828_saturation_tgs2611
2026-08-01T11:08:21.515Z,2.0000664040003358,1,15.0483389998044,0.06640400033575133,3245,1.9805908203125,2673,1.6314697265625,1,0.0006103515625,751,0.4583740234375,3793,2.3150634765625,2655,1.6204833984375,True,25.17,62.68,0.0,0.0,True,ads7828_saturation_tgs2611
2026-08-01T11:08:22.515Z,3.0000693000001775,2,15.141580000090471,0.06930000017746352,3252,1.98486328125,2687,1.6400146484375,1,0.0006103515625,746,0.455322265625,3783,2.3089599609375,2654,1.619873046875,True,25.165,62.91,0.0,0.0,True,ads7828_saturation_tgs2611
2026-08-01T11:08:23.514Z,4.000061115000335,3,21.14428200002294,0.061115000335121294,3263,1.9915771484375,2707,1.6522216796875,1,0.0006103515625,744,0.4541015625,3775,2.3040771484375,2656,1.62109375,True,25.14,63.24,0.0,0.0,True,ads7828_saturation_tgs2611
2026-08-01T11:08:24.515Z,5.000076646000252,4,15.272746999926312,0.07664600025236723,3257,1.9879150390625,2715,1.6571044921875,1,0.0006103515625,743,0.4534912109375,3760,2.294921875,2660,1.62353515625,True,25.15,63.7,0.0,0.0,True,ads7828_saturation_tgs2611
2026-08-01T11:08:25.515Z,6.000068356000156,5,18.279254999924888,0.06835600015620003,3276,1.99951171875,2733,1.6680908203125,1,0.0006103515625,742,0.452880859375,3751,2.2894287109375,2655,1.6204833984375,True,25.15,64.18,0.0,0.0,True,ads7828_saturation_tgs2611
2026-08-01T11:08:26.515Z,7.00006574400004,6,15.332543000113219,0.06574400003955816,3280,2.001953125,2740,1.67236328125,1,0.0006103515625,742,0.452880859375,3745,2.2857666015625,2657,1.6217041015625,True,25.165,64.6,0.0,0.0,True,ads7828_saturation_tgs2611
2026-08-01T11:08:27.515Z,8.000066589000198,7,15.412914000080491,0.06658900019829161,3287,2.0062255859375,2748,1.67724609375,1,0.0006103515625,741,0.4522705078125,3728,2.275390625,2658,1.622314453125,True,25.155,65.03,0.0,0.0,True,ads7828_saturation_tgs2611
2026-08-01T11:08:28.515Z,9.000063983000018,8,21.40220799992676,0.06398300001819734,3298,2.012939453125,2759,1.6839599609375,1,0.0006103515625,741,0.4522705078125,3724,2.27294921875,2656,1.62109375,True,25.155,65.36,0.0,0.0,True,ads7828_saturation_tgs2611
2026-08-01T11:08:29.514Z,10.000061501000346,9,15.4490789996089,0.061501000345742796,3303,2.0159912109375,2770,1.690673828125,1,0.0006103515625,741,0.4522705078125,3713,2.2662353515625,2652,1.61865234375,True,25.14,65.63,0.0,0.0,True,ads7828_saturation_tgs2611
2026-08-01T11:08:30.515Z,11.00007897400019,10,18.519032999847695,0.07897400018919143,3309,2.0196533203125,2780,1.69677734375,1,0.0006103515625,741,0.4522705078125,3699,2.2576904296875,2651,1.6180419921875,True,25.15,65.87,0.0,0.0,True,ads7828_saturation_tgs2611
2026-08-01T11:08:31.515Z,12.000067126999966,11,15.542191000349703,0.06712699996569427,3321,2.0269775390625,2790,1.702880859375,1,0.0006103515625,741,0.4522705078125,3699,2.2576904296875,2646,1.614990234375,True,25.145,66.08,0.0,0.0,True,ads7828_saturation_tgs2611
2026-08-01T11:08:32.515Z,13.000071570000273,12,15.642893999938678,0.0715700002729136,3331,2.0330810546875,2799,1.7083740234375,1,0.0006103515625,741,0.4522705078125,3697,2.2564697265625,2651,1.6180419921875,True,25.15,66.22,0.0,0.0,True,ads7828_saturation_tgs2611
2026-08-01T11:08:33.515Z,14.000067191000198,13,6.6807590001189965,0.06719100019836333,3331,2.0330810546875,2803,1.7108154296875,1,0.0006103515625,741,0.4522705078125,3683,2.2479248046875,2646,1.614990234375,True,25.135,66.37,0.0,0.0,True,ads7828_saturation_tgs2611
2026-08-01T11:08:34.515Z,15.000067565000336,14,15.683821000038733,0.06756500033588964,3341,2.0391845703125,2808,1.7138671875,1,0.0006103515625,740,0.45166015625,3682,2.247314453125,2648,1.6162109375,True,25.145,66.5,0.0,0.0,True,ads7828_saturation_tgs2611
2026-08-01T11:08:35.515Z,16.000069988000178,15,19.75309199997355,0.06998800017754547,3356,2.04833984375,2819,1.7205810546875,1,0.0006103515625,740,0.45166015625,3676,2.24365234375,2651,1.6180419921875,True,25.15,66.64,0.0,0.0,True,ads7828_saturation_tgs2611
2026-08-01T11:08:36.515Z,17.000078276000295,16,9.822100999826944,0.07827600029486348,3357,2.0489501953125,2825,1.7242431640625,1,0.0006103515625,740,0.45166015625,3670,2.239990234375,2649,1.6168212890625,True,25.13,66.78,0.0,0.0,True,ads7828_saturation_tgs2611
2026-08-01T11:08:37.515Z,18.00007013100003,17,16.917620000185707,0.07013100002950523,3363,2.0526123046875,2830,1.727294921875,1,0.0006103515625,740,0.45166015625,3666,2.237548828125,2652,1.61865234375,True,25.125,66.87,0.0,0.0,True,ads7828_saturation_tgs2611
2026-08-01T11:08:38.515Z,19.000067110000145,18,15.912543000013102,0.06711000014547608,3372,2.05810546875,2836,1.73095703125,1,0.0006103515625,740,0.45166015625,3660,2.23388671875,2654,1.619873046875,True,25.17,66.92,0.0,0.0,True,ads7828_saturation_tgs2611
2026-08-01T11:08:39.514Z,20.000062748000346,19,15.975691999756236,0.06274800034589134,3377,2.0611572265625,2841,1.7340087890625,1,0.0006103515625,740,0.45166015625,3660,2.23388671875,2653,1.6192626953125,True,25.11,66.86,0.0,0.0,True,ads7828_saturation_tgs2611
2026-08-01T11:08:40.515Z,21.000070511000104,20,20.029258000249683,0.07051100010357914,3386,2.066650390625,2849,1.7388916015625,1,0.0006103515625,740,0.45166015625,3652,2.22900390625,2660,1.62353515625,True,25.14,66.81,0.0,0.0,True,ads7828_saturation_tgs2611
2026-08-01T11:08:41.515Z,22.00006656300002,21,15.06502200027171,0.06656300001850468,3388,2.06787109375,2855,1.7425537109375,1,0.0006103515625,740,0.45166015625,3650,2.227783203125,2660,1.62353515625,True,25.14,66.85,0.0,0.0,True,ads7828_saturation_tgs2611
2026-08-01T11:08:42.515Z,23.00007116400002,22,17.12980599995717,0.07116400001905276,3396,2.07275390625,2859,1.7449951171875,1,0.0006103515625,740,0.45166015625,3649,2.2271728515625,2665,1.6265869140625,True,25.13,66.98,0.0,0.0,True,ads7828_saturation_tgs2611
2026-08-01T11:08:43.515Z,24.000073908000104,23,15.201669999896694,0.0739080001039838,3405,2.0782470703125,2863,1.7474365234375,1,0.0006103515625,740,0.45166015625,3646,2.225341796875,2670,1.629638671875,True,25.12,67.1,0.0,0.0,True,ads7828_saturation_tgs2611
2026-08-01T11:08:44.515Z,25.00006836700004,24,15.221171000121103,0.06836700003987062,3412,2.08251953125,2877,1.7559814453125,1,0.0006103515625,740,0.45166015625,3640,2.2216796875,2675,1.6326904296875,True,25.11,67.23,0.0,0.0,True,ads7828_saturation_tgs2611
2026-08-01T11:08:45.515Z,26.000067357000262,25,21.38213199987149,0.06735700026183622,3415,2.0843505859375,2879,1.7572021484375,1,0.0006103515625,740,0.45166015625,3640,2.2216796875,2680,1.6357421875,True,25.115,67.32,0.0,0.0,True,ads7828_saturation_tgs2611
2026-08-01T11:08:46.514Z,27.000064656000177,26,15.314151999973546,0.06465600017691031,3422,2.088623046875,2887,1.7620849609375,1,0.0006103515625,740,0.45166015625,3637,2.2198486328125,2682,1.636962890625,True,25.14,67.47,0.0,0.0,True,ads7828_saturation_tgs2611
2026-08-01T11:08:47.515Z,28.0000750600002,27,18.392918999779795,0.0750600001993007,3425,2.0904541015625,2892,1.76513671875,1,0.0006103515625,740,0.45166015625,3635,2.2186279296875,2689,1.6412353515625,True,25.125,67.61,0.0,0.0,True,ads7828_saturation_tgs2611
2026-08-01T11:08:48.515Z,29.000077309000062,28,15.43385600007241,0.07730900006208685,3432,2.0947265625,2894,1.766357421875,1,0.0006103515625,739,0.4510498046875,3631,2.2161865234375,2694,1.644287109375,True,25.11,67.75,0.0,0.0,True,ads7828_saturation_tgs2611
2026-08-01T11:08:49.515Z,30.000068052000188,29,15.512764000050083,0.06805200018789037,3441,2.1002197265625,2903,1.7718505859375,1,0.0006103515625,739,0.4510498046875,3628,2.21435546875,2704,1.650390625,True,25.14,67.91,0.0,0.0,True,ads7828_saturation_tgs2611
2026-08-01T11:08:50.515Z,31.00007362300039,30,21.51616799983458,0.07362300038948888,3446,2.103271484375,2906,1.773681640625,1,0.0006103515625,739,0.4510498046875,3626,2.213134765625,2710,1.654052734375,True,25.125,68.08,0.0,0.0,True,ads7828_saturation_tgs2611
2026-08-01T11:08:51.515Z,32.00008276100016,31,15.574744999867107,0.08276100015791599,3450,2.105712890625,2910,1.776123046875,1,0.0006103515625,739,0.4510498046875,3621,2.2100830078125,2717,1.6583251953125,True,25.105,68.19,0.0,0.0,True,ads7828_saturation_tgs2611
2026-08-01T11:08:52.515Z,33.000078060000305,32,18.628807999903074,0.07806000030541327,3454,2.108154296875,2917,1.7803955078125,1,0.0006103515625,740,0.45166015625,3622,2.210693359375,2726,1.663818359375,True,25.11,68.31,0.0,0.0,True,ads7828_saturation_tgs2611
2026-08-01T11:08:53.515Z,34.00007007500017,33,15.691873999912787,0.07007500016698032,3465,2.1148681640625,2919,1.7816162109375,1,0.0006103515625,740,0.45166015625,3616,2.20703125,2729,1.6656494140625,True,25.11,68.43,0.0,0.0,True,ads7828_saturation_tgs2611
2026-08-01T11:08:54.515Z,35.00006704600037,34,15.728244999991148,0.06704600036755437,3469,2.1173095703125,2927,1.7864990234375,1,0.0006103515625,739,0.4510498046875,3617,2.2076416015625,2739,1.6717529296875,True,25.115,68.56,0.0,0.0,True,ads7828_saturation_tgs2611
2026-08-01T11:08:55.515Z,36.000065604000156,35,15.781022999817651,0.0656040001558722,3471,2.1185302734375,2931,1.7889404296875,1,0.0006103515625,739,0.4510498046875,3620,2.20947265625,2743,1.6741943359375,True,25.115,68.66,0.0,0.0,True,ads7828_saturation_tgs2611
2026-08-01T11:08:56.515Z,37.00006876800035,36,15.824318999875686,0.06876800034660846,3479,2.1234130859375,2936,1.7919921875,1,0.0006103515625,739,0.4510498046875,3615,2.2064208984375,2751,1.6790771484375,True,25.1,68.77,0.0,0.0,True,ads7828_saturation_tgs2611
2026-08-01T11:08:57.515Z,38.000073664999945,37,19.888163000359782,0.07366499994532205,3481,2.1246337890625,2937,1.7926025390625,1,0.0006103515625,739,0.4510498046875,3615,2.2064208984375,2760,1.6845703125,True,25.13,68.89,0.0,0.0,True,ads7828_saturation_tgs2611
2026-08-01T11:08:58.515Z,39.00006485400036,38,15.933744999983901,0.06485400035671773,3487,2.1282958984375,2937,1.7926025390625,1,0.0006103515625,739,0.4510498046875,3607,2.2015380859375,2768,1.689453125,True,25.105,69.01,0.0,0.0,True,ads7828_saturation_tgs2611
2026-08-01T11:08:59.515Z,40.00006938700017,39,16.990804000215576,0.06938700016689836,3489,2.1295166015625,2939,1.7938232421875,1,0.0006103515625,739,0.4510498046875,3614,2.205810546875,2776,1.6943359375,True,25.115,69.13,0.0,0.0,True,ads7828_saturation_tgs2611
2026-08-01T11:09:00.515Z,41.00007071100026,40,15.04272400006812,0.07071100026223576,3494,2.132568359375,2947,1.7987060546875,1,0.0006103515625,739,0.4510498046875,3611,2.2039794921875,2785,1.6998291015625,True,25.135,69.29,0.0,0.0,True,ads7828_saturation_tgs2611
2026-08-01T11:09:01.515Z,42.00007151099999,41,15.09890900024402,0.07151099998736754,3499,2.1356201171875,2952,1.8017578125,1,0.0006103515625,739,0.4510498046875,3614,2.205810546875,2796,1.70654296875,True,25.14,69.4,0.0,0.0,True,ads7828_saturation_tgs2611
2026-08-01T11:09:02.514Z,43.00006524900027,42,20.248015000106534,0.06524900027216063,3500,2.13623046875,2961,1.8072509765625,1,0.0006103515625,739,0.4510498046875,3610,2.203369140625,2803,1.7108154296875,True,25.125,69.51,0.0,0.0,True,ads7828_saturation_tgs2611
2026-08-01T11:09:03.514Z,44.00006366600019,43,15.206298000066454,0.0636660001873679,3504,2.138671875,2959,1.8060302734375,1,0.0006103515625,739,0.4510498046875,3612,2.20458984375,2810,1.715087890625,True,25.125,69.62,0.0,0.0,True,ads7828_saturation_tgs2611
2026-08-01T11:09:04.515Z,45.000065522000114,44,17.346414000257937,0.06552200011356035,3512,2.1435546875,2965,1.8096923828125,1,0.0006103515625,739,0.4510498046875,3609,2.2027587890625,2821,1.7218017578125,True,25.125,69.7,0.0,0.0,True,ads7828_saturation_tgs2611
2026-08-01T11:09:05.515Z,46.000067797000156,45,15.2826130001813,0.06779700015613344,3516,2.14599609375,2969,1.8121337890625,1,0.0006103515625,739,0.4510498046875,3615,2.2064208984375,2829,1.7266845703125,True,25.105,69.83,0.0,0.0,True,ads7828_saturation_tgs2611
2026-08-01T11:09:06.515Z,47.00007154800005,46,15.352002000327047,0.07154800005082507,3524,2.15087890625,2970,1.812744140625,1,0.0006103515625,739,0.4510498046875,3613,2.2052001953125,2832,1.728515625,True,25.125,69.91,1.0,1.0,True,ads7828_saturation_tgs2611
2026-08-01T11:09:07.515Z,48.00007231200016,47,21.369405999848823,0.07231200015667127,3521,2.1490478515625,2976,1.81640625,1,0.0006103515625,739,0.4510498046875,3614,2.205810546875,2849,1.7388916015625,True,25.11,70.01,1.0,1.0,True,ads7828_saturation_tgs2611
2026-08-01T11:09:08.515Z,49.000071383999966,48,15.43900200022108,0.07138399996620137,3527,2.1527099609375,2977,1.8170166015625,1,0.0006103515625,739,0.4510498046875,3611,2.2039794921875,2849,1.7388916015625,True,25.125,70.12,1.0,1.0,True,ads7828_saturation_tgs2611
2026-08-01T11:09:09.515Z,50.00007445100027,49,18.56397299980017,0.0744510002732568,3531,2.1551513671875,2983,1.8206787109375,1,0.0006103515625,739,0.4510498046875,3615,2.2064208984375,2864,1.748046875,True,25.09,70.25,2.0,1.0,True,ads7828_saturation_tgs2611
2026-08-01T11:09:10.515Z,51.000074622000284,50,15.547040000001289,0.07462200028385269,3534,2.156982421875,2982,1.820068359375,1,0.0006103515625,739,0.4510498046875,3611,2.2039794921875,2870,1.751708984375,True,25.12,70.31,5.0,1.0,True,ads7828_saturation_tgs2611
2026-08-01T11:09:11.515Z,52.00006971400035,51,15.622353999788174,0.06971400034672115,3536,2.158203125,2991,1.8255615234375,1,0.0006103515625,739,0.4510498046875,3614,2.205810546875,2879,1.7572021484375,True,25.105,70.44,7.0,1.0,True,ads7828_saturation_tgs2611
2026-08-01T11:09:12.515Z,53.00007618900008,52,21.629294999911508,0.07618900008310447,3543,2.1624755859375,2995,1.8280029296875,1,0.0006103515625,739,0.4510498046875,3611,2.2039794921875,2888,1.7626953125,True,25.13,70.53,10.0,1.0,True,ads7828_saturation_tgs2611
2026-08-01T11:09:13.515Z,54.000070232000326,53,15.729519999695185,0.07023200032563182,3541,2.1612548828125,2997,1.8292236328125,1,0.0006103515625,739,0.4510498046875,3608,2.2021484375,2896,1.767578125,True,25.1,70.59,15.0,1.0,True,ads7828_saturation_tgs2611
2026-08-01T11:09:14.515Z,55.00007308300019,54,18.730583999968076,0.07308300018848968,3544,2.1630859375,3004,1.83349609375,1,0.0006103515625,739,0.4510498046875,3601,2.1978759765625,2903,1.7718505859375,True,25.11,70.7,19.0,1.0,True,ads7828_saturation_tgs2611
2026-08-01T11:09:15.515Z,56.00007189200005,55,15.798447000179294,0.07189200005086605,3552,2.16796875,3002,1.832275390625,1,0.0006103515625,739,0.4510498046875,3612,2.20458984375,2916,1.77978515625,True,25.105,70.78,24.0,1.0,True,ads7828_saturation_tgs2611
2026-08-01T11:09:16.515Z,57.00006832500003,56,15.888335999989067,0.0683250000292901,3556,2.17041015625,3004,1.83349609375,1,0.0006103515625,739,0.4510498046875,3611,2.2039794921875,2924,1.78466796875,True,25.115,70.87,28.0,1.0,True,ads7828_saturation_tgs2611
2026-08-01T11:09:17.515Z,58.00010247399996,57,22.852242000226397,0.10247399995932938,3559,2.1722412109375,3009,1.8365478515625,1,0.0006103515625,739,0.4510498046875,3617,2.2076416015625,2937,1.7926025390625,True,25.115,70.93,32.0,1.0,True,ads7828_saturation_tgs2611
2026-08-01T11:09:18.515Z,59.00006909800004,58,15.946021000218025,0.0690980000399577,3562,2.174072265625,3015,1.8402099609375,1,0.0006103515625,739,0.4510498046875,3610,2.203369140625,2945,1.7974853515625,True,25.125,71.03,35.0,1.0,True,ads7828_saturation_tgs2611
2026-08-01T11:09:19.515Z,60.000068014000135,59,19.997438000245893,0.06801400013500825,3564,2.17529296875,3015,1.8402099609375,1,0.0006103515625,739,0.4510498046875,3612,2.20458984375,2951,1.8011474609375,True,25.115,71.1,40.0,1.0,True,ads7828_saturation_tgs2611
2026-08-01T11:09:20.515Z,61.00007412700006,60,15.050037000037264,0.0741270000617078,3559,2.1722412109375,3017,1.8414306640625,1,0.0006103515625,739,0.4510498046875,3612,2.20458984375,2958,1.805419921875,True,25.105,71.14,44.0,1.0,True,ads7828_saturation_tgs2611
2026-08-01T11:09:21.515Z,62.00007247400026,61,17.116912999881606,0.07247400026244577,3563,2.1746826171875,3014,1.839599609375,1,0.0006103515625,739,0.4510498046875,3608,2.2021484375,2969,1.8121337890625,True,25.105,71.22,48.0,1.0,True,ads7828_saturation_tgs2611
2026-08-01T11:09:22.515Z,63.000067427999966,62,15.148907000366307,0.06742799996573012,3572,2.18017578125,3021,1.8438720703125,1,0.0006103515625,739,0.4510498046875,3612,2.20458984375,2973,1.8145751953125,True,25.1,71.28,51.0,1.0,True,ads7828_saturation_tgs2611
2026-08-01T11:09:23.515Z,64.00006620800013,63,15.228612000100838,0.06620800013479311,3577,2.1832275390625,3024,1.845703125,1,0.0006103515625,739,0.4510498046875,3611,2.2039794921875,2979,1.8182373046875,True,25.115,71.41,55.0,1.0,True,ads7828_saturation_tgs2611
2026-08-01T11:09:24.515Z,65.00007283500008,64,20.27228999986619,0.07283500008270494,3579,2.1844482421875,3029,1.8487548828125,1,0.0006103515625,739,0.4510498046875,3615,2.2064208984375,2993,1.8267822265625,True,25.11,71.43,57.0,1.0,True,ads7828_saturation_tgs2611
2026-08-01T11:09:25.515Z,66.00007004899999,65,15.301611000268167,0.07004899998719338,3577,2.1832275390625,3028,1.84814453125,1,0.0006103515625,737,0.4498291015625,3620,2.20947265625,2997,1.8292236328125,True,25.115,71.53,61.0,1.0,True,ads7828_saturation_tgs2611
2026-08-01T11:09:26.515Z,67.00006858999996,66,17.35126500034312,0.06858999995529302,3581,2.1856689453125,3034,1.851806640625,1,0.0006103515625,740,0.45166015625,3614,2.205810546875,3008,1.8359375,True,25.1,71.59,64.0,1.0,True,ads7828_saturation_tgs2611
2026-08-01T11:09:27.515Z,68.00006701500024,67,15.400444000079005,0.06701500024064444,3584,2.1875,3034,1.851806640625,1,0.0006103515625,739,0.4510498046875,3619,2.2088623046875,3016,1.8408203125,True,25.11,71.67,67.0,1.0,True,ads7828_saturation_tgs2611
2026-08-01T11:09:28.515Z,69.00007023000035,68,15.448110999841447,0.07023000034678262,3590,2.191162109375,3037,1.8536376953125,1,0.0006103515625,739,0.4510498046875,3618,2.208251953125,3019,1.8426513671875,True,25.1,71.78,69.0,1.0,True,ads7828_saturation_tgs2611
2026-08-01T11:09:29.515Z,70.00006816099994,69,21.49344100007511,0.0681609999446664,3590,2.191162109375,3037,1.8536376953125,1,0.0006103515625,739,0.4510498046875,3621,2.2100830078125,3032,1.8505859375,True,25.115,71.9,71.0,1.0,True,ads7828_saturation_tgs2611
2026-08-01T11:09:30.515Z,71.00007134600037,70,15.57037099973968,0.0713460003680666,3596,2.19482421875,3044,1.85791015625,1,0.0006103515625,739,0.4510498046875,3623,2.2113037109375,3039,1.8548583984375,True,25.115,72.05,73.0,1.0,True,ads7828_saturation_tgs2611
2026-08-01T11:09:31.515Z,72.0000657290002,71,18.616118999943865,0.06572900019818917,3595,2.1942138671875,3043,1.8572998046875,1,0.0006103515625,739,0.4510498046875,3616,2.20703125,3040,1.85546875,True,25.095,72.2,75.0,1.0,True,ads7828_saturation_tgs2611
2026-08-01T11:09:32.514Z,73.00006488400004,72,15.657166999972105,0.06488400003945571,3595,2.1942138671875,3044,1.85791015625,1,0.0006103515625,739,0.4510498046875,3620,2.20947265625,3052,1.86279296875,True,25.105,72.21,76.0,1.0,True,ads7828_saturation_tgs2611
2026-08-01T11:09:33.515Z,74.00006864500028,73,15.758314999857248,0.06864500028314069,3598,2.196044921875,3048,1.8603515625,1,0.0006103515625,739,0.4510498046875,3623,2.2113037109375,3062,1.868896484375,True,25.115,72.21,77.0,1.0,True,ads7828_saturation_tgs2611
2026-08-01T11:09:34.515Z,75.00007314100003,74,21.750125999915326,0.07314100002986379,3596,2.19482421875,3052,1.86279296875,1,0.0006103515625,739,0.4510498046875,3624,2.2119140625,3065,1.8707275390625,True,25.105,72.12,78.0,1.0,True,ads7828_saturation_tgs2611
2026-08-01T11:09:35.515Z,76.00006598300024,75,15.810759000032704,0.0659830002405215,3596,2.19482421875,3052,1.86279296875,1,0.0006103515625,739,0.4510498046875,3620,2.20947265625,3072,1.875,True,25.09,72.06,79.0,1.0,True,ads7828_saturation_tgs2611
2026-08-01T11:09:36.515Z,77.0000759300001,76,18.876784999974916,0.07593000009364914,3599,2.1966552734375,3055,1.8646240234375,1,0.0006103515625,739,0.4510498046875,3619,2.2088623046875,3081,1.8804931640625,True,25.105,72.08,79.0,1.0,True,ads7828_saturation_tgs2611
2026-08-01T11:09:37.515Z,78.00006994600017,77,15.903889000128402,0.06994600016696495,3603,2.1990966796875,3054,1.864013671875,1,0.0006103515625,739,0.4510498046875,3619,2.2088623046875,3087,1.8841552734375,True,25.115,71.58,78.0,1.0,True,ads7828_saturation_tgs2611
2026-08-01T11:09:38.515Z,79.00008364099995,78,15.999482000097487,0.08364099994651042,3603,2.1990966796875,3056,1.865234375,1,0.0006103515625,739,0.4510498046875,3618,2.208251953125,3092,1.88720703125,True,25.095,71.02,77.0,1.0,True,ads7828_saturation_tgs2611
2026-08-01T11:09:39.515Z,80.00006562700037,79,22.006180999596836,0.06562700036738534,3606,2.200927734375,3057,1.8658447265625,1,0.0006103515625,739,0.4510498046875,3620,2.20947265625,3105,1.8951416015625,True,25.105,70.95,77.0,1.0,True,ads7828_saturation_tgs2611
2026-08-01T11:09:40.515Z,81.00006940399999,80,15.073757000209298,0.06940399998711655,3606,2.200927734375,3059,1.8670654296875,1,0.0006103515625,739,0.4510498046875,3617,2.2076416015625,3112,1.8994140625,True,25.115,71.16,77.0,1.0,True,ads7828_saturation_tgs2611
2026-08-01T11:09:41.514Z,82.0000635450001,81,19.12728600018454,0.06354500010274933,3607,2.2015380859375,3065,1.8707275390625,1,0.0006103515625,739,0.4510498046875,3622,2.210693359375,3115,1.9012451171875,True,25.1,71.32,76.0,1.0,True,ads7828_saturation_tgs2611
2026-08-01T11:09:42.515Z,83.000070607,82,15.162405999944895,0.07060699999783537,3613,2.2052001953125,3061,1.8682861328125,1,0.0006103515625,739,0.4510498046875,3628,2.21435546875,3121,1.9049072265625,True,25.115,71.53,77.0,1.0,True,ads7828_saturation_tgs2611
2026-08-01T11:09:43.514Z,84.00006229300016,83,19.30778599989935,0.062293000155477785,3609,2.2027587890625,3066,1.871337890625,1,0.0006103515625,740,0.45166015625,3631,2.2161865234375,3133,1.9122314453125,True,25.115,71.73,78.0,1.0,True,ads7828_saturation_tgs2611
2026-08-01T11:09:44.515Z,85.00006545500037,84,15.266479999809235,0.06545500036736485,3608,2.2021484375,3064,1.8701171875,1,0.0006103515625,738,0.450439453125,3620,2.20947265625,3136,1.9140625,True,25.085,71.86,78.0,1.0,True,ads7828_saturation_tgs2611
2026-08-01T11:09:45.514Z,86.00006370400024,85,15.31312799988882,0.06370400024025002,3605,2.2003173828125,3061,1.8682861328125,1,0.0006103515625,738,0.450439453125,3623,2.2113037109375,3139,1.9158935546875,True,25.105,71.96,79.0,1.0,True,ads7828_saturation_tgs2611
2026-08-01T11:09:46.514Z,87.00006242900008,86,20.369010000194976,0.06242900008146535,3605,2.2003173828125,3046,1.859130859375,1,0.0006103515625,739,0.4510498046875,3631,2.2161865234375,3155,1.9256591796875,True,25.14,71.56,80.0,1.0,True,ads7828_saturation_tgs2611
2026-08-01T11:09:47.514Z,88.00005927800021,87,15.40209099994172,0.05927800020799623,3596,2.19482421875,3043,1.8572998046875,1,0.0006103515625,739,0.4510498046875,3635,2.2186279296875,3161,1.9293212890625,True,25.13,71.6,82.0,1.0,True,ads7828_saturation_tgs2611
2026-08-01T11:09:48.515Z,89.00006925100024,88,17.46972499995536,0.0692510002409108,3591,2.1917724609375,3033,1.8511962890625,1,0.0006103515625,739,0.4510498046875,3640,2.2216796875,3172,1.93603515625,True,25.14,71.72,85.0,1.0,True,ads7828_saturation_tgs2611
2026-08-01T11:09:49.515Z,90.00006549600039,89,15.507221000007121,0.06549600038852077,3588,2.18994140625,3032,1.8505859375,1,0.0006103515625,739,0.4510498046875,3638,2.220458984375,3183,1.9427490234375,True,25.135,71.68,87.0,1.0,True,ads7828_saturation_tgs2611
2026-08-01T11:09:50.515Z,91.00007707000032,90,15.566460999707488,0.07707000031587086,3581,2.1856689453125,3021,1.8438720703125,1,0.0006103515625,739,0.4510498046875,3647,2.2259521484375,3205,1.9561767578125,True,25.145,71.79,89.0,1.0,True,ads7828_saturation_tgs2611
2026-08-01T11:09:51.515Z,92.00007537800002,91,20.67817700026353,0.07537800001955475,3572,2.18017578125,3020,1.84326171875,1,0.0006103515625,739,0.4510498046875,3647,2.2259521484375,3210,1.959228515625,True,25.15,71.91,91.0,1.0,True,ads7828_saturation_tgs2611
2026-08-01T11:09:52.515Z,93.00006764399996,92,15.66264700022657,0.06764399995518033,3563,2.1746826171875,3011,1.8377685546875,1,0.0006103515625,739,0.4510498046875,3651,2.2283935546875,3226,1.968994140625,True,25.14,72.08,94.0,1.0,True,ads7828_saturation_tgs2611
2026-08-01T11:09:53.515Z,94.00006875700001,93,17.734929000198463,0.06875700000819052,3565,2.1759033203125,3014,1.839599609375,1,0.0006103515625,739,0.4510498046875,3655,2.2308349609375,3240,1.9775390625,True,25.14,72.21,96.0,1.0,True,ads7828_saturation_tgs2611
2026-08-01T11:09:54.515Z,95.00007069699996,94,15.760424000291096,0.07069699995554402,3562,2.174072265625,3018,1.842041015625,1,0.0006103515625,739,0.4510498046875,3661,2.2344970703125,3248,1.982421875,True,25.135,72.34,96.0,1.0,True,ads7828_saturation_tgs2611
2026-08-01T11:09:55.515Z,96.00006739100036,95,15.81140600001163,0.06739100035701995,3557,2.1710205078125,3020,1.84326171875,1,0.0006103515625,739,0.4510498046875,3668,2.23876953125,3261,1.9903564453125,True,25.135,72.44,97.0,1.0,True,ads7828_saturation_tgs2611
2026-08-01T11:09:56.515Z,97.00006611700019,96,21.859048999886,0.06611700018765987,3558,2.171630859375,3027,1.8475341796875,1,0.0006103515625,739,0.4510498046875,3664,2.236328125,3264,1.9921875,True,25.165,72.49,99.0,1.0,True,ads7828_saturation_tgs2611
2026-08-01T11:09:57.515Z,98.00007100400035,97,15.926979999676405,0.07100400034687482,3552,2.16796875,3030,1.849365234375,1,0.0006103515625,739,0.4510498046875,3667,2.2381591796875,3282,2.003173828125,True,25.14,72.54,101.0,1.0,True,ads7828_saturation_tgs2611
2026-08-01T11:09:58.515Z,99.00006707000011,98,18.979506000050606,0.06707000011374475,3557,2.1710205078125,3030,1.849365234375,1,0.0006103515625,739,0.4510498046875,3670,2.239990234375,3289,2.0074462890625,True,25.14,72.59,102.0,1.0,True,ads7828_saturation_tgs2611
2026-08-01T11:09:59.515Z,100.00007128000016,99,16.033443000196712,0.07128000015654834,3559,2.1722412109375,3039,1.8548583984375,1,0.0006103515625,739,0.4510498046875,3669,2.2393798828125,3300,2.01416015625,True,25.13,72.64,103.0,1.0,True,ads7828_saturation_tgs2611
2026-08-01T11:10:00.515Z,101.00007541000014,100,16.08116599982168,0.07541000013588928,3558,2.171630859375,3041,1.8560791015625,1,0.0006103515625,739,0.4510498046875,3671,2.2406005859375,3309,2.0196533203125,True,25.13,72.68,104.0,1.0,True,ads7828_saturation_tgs2611
2026-08-01T11:10:01.515Z,102.00007160900032,101,22.11128999988432,0.07160900031522033,3560,2.1728515625,3041,1.8560791015625,1,0.0006103515625,738,0.450439453125,3674,2.242431640625,3316,2.02392578125,True,25.14,72.74,104.0,1.0,True,ads7828_saturation_tgs2611
2026-08-01T11:10:02.514Z,103.00006206200032,102,15.168514999913896,0.062062000324658584,3557,2.1710205078125,3046,1.859130859375,1,0.0006103515625,739,0.4510498046875,3674,2.242431640625,3322,2.027587890625,True,25.135,72.73,106.0,1.0,True,ads7828_saturation_tgs2611
2026-08-01T11:10:03.514Z,104.00006434200031,103,19.294913000067027,0.06434200031435466,3565,2.1759033203125,3048,1.8603515625,1,0.0006103515625,739,0.4510498046875,3673,2.2418212890625,3333,2.0343017578125,True,25.14,72.81,107.0,1.0,True,ads7828_saturation_tgs2611
2026-08-01T11:10:04.515Z,105.00007728400033,104,15.29490499979147,0.07728400032647187,3570,2.178955078125,3051,1.8621826171875,1,0.0006103515625,739,0.4510498046875,3674,2.242431640625,3339,2.0379638671875,True,25.14,72.84,107.0,1.0,True,ads7828_saturation_tgs2611
2026-08-01T11:10:05.515Z,106.00007085100015,105,16.33685000024343,0.07085100014592172,3564,2.17529296875,3047,1.8597412109375,1,0.0006103515625,739,0.4510498046875,3678,2.244873046875,3350,2.044677734375,True,25.145,72.95,109.0,1.0,True,ads7828_saturation_tgs2611
2026-08-01T11:10:06.515Z,107.00008637400015,106,22.738773000128276,0.08637400014777086,3572,2.18017578125,3058,1.866455078125,1,0.0006103515625,739,0.4510498046875,3676,2.24365234375,3353,2.0465087890625,True,25.145,73.0,109.0,1.0,True,ads7828_saturation_tgs2611
2026-08-01T11:10:07.515Z,108.00007241200001,107,15.431015000103798,0.07241200000862591,3576,2.1826171875,3061,1.8682861328125,1,0.0006103515625,739,0.4510498046875,3683,2.2479248046875,3360,2.05078125,True,25.155,73.06,111.0,1.0,True,ads7828_saturation_tgs2611
2026-08-01T11:10:08.515Z,109.00007051800003,108,19.484098000248196,0.07051800002955133,3573,2.1807861328125,3062,1.868896484375,1,0.0006103515625,738,0.450439453125,3681,2.2467041015625,3367,2.0550537109375,True,25.16,73.13,112.0,1.0,True,ads7828_saturation_tgs2611
2026-08-01T11:10:09.515Z,110.00007289600035,109,15.53636699964045,0.0728960003471002,3579,2.1844482421875,3064,1.8701171875,1,0.0006103515625,738,0.450439453125,3683,2.2479248046875,3368,2.0556640625,True,25.145,73.2,112.0,1.0,True,ads7828_saturation_tgs2611
2026-08-01T11:10:10.515Z,111.00007004700001,110,16.58612900018852,0.07004700000834418,3573,2.1807861328125,3062,1.868896484375,1,0.0006103515625,738,0.450439453125,3681,2.2467041015625,3378,2.061767578125,True,25.15,73.25,113.0,1.0,True,ads7828_saturation_tgs2611
2026-08-01T11:10:11.515Z,112.00006774800022,111,15.62473800004227,0.06774800021958072,3580,2.18505859375,3071,1.8743896484375,1,0.0006103515625,738,0.450439453125,3681,2.2467041015625,3386,2.066650390625,True,25.145,73.31,114.0,1.0,True,ads7828_saturation_tgs2611
2026-08-01T11:10:12.515Z,113.00007225900026,112,15.679051999995863,0.07225900026242016,3590,2.191162109375,3068,1.87255859375,1,0.0006103515625,738,0.450439453125,3676,2.24365234375,3383,2.0648193359375,True,25.15,73.4,114.0,1.0,True,ads7828_saturation_tgs2611
2026-08-01T11:10:13.515Z,114.00006704199996,113,19.742468999993434,0.06704199995510862,3587,2.1893310546875,3071,1.8743896484375,1,0.0006103515625,738,0.450439453125,3678,2.244873046875,3391,2.0697021484375,True,25.16,73.41,114.0,1.0,True,ads7828_saturation_tgs2611
2026-08-01T11:10:14.514Z,115.00006378300031,114,15.77303399972152,0.06378300031428807,3589,2.1905517578125,3072,1.875,1,0.0006103515625,738,0.450439453125,3683,2.2479248046875,3398,2.073974609375,True,25.165,73.46,116.0,1.0,True,ads7828_saturation_tgs2611
2026-08-01T11:10:15.515Z,116.00006624100024,115,16.88142600005449,0.06624100024055224,3594,2.193603515625,3078,1.878662109375,1,0.0006103515625,739,0.4510498046875,3686,2.249755859375,3400,2.0751953125,True,25.18,73.55,116.0,1.0,True,ads7828_saturation_tgs2611
2026-08-01T11:10:16.515Z,117.00006778700026,116,15.868886000134808,0.06778700026188744,3598,2.196044921875,3083,1.8817138671875,1,0.0006103515625,738,0.450439453125,3684,2.24853515625,3406,2.078857421875,True,25.15,73.56,116.0,1.0,True,ads7828_saturation_tgs2611
2026-08-01T11:10:17.514Z,118.00006462300007,117,15.913164000266988,0.06462300007115118,3601,2.1978759765625,3080,1.8798828125,1,0.0006103515625,738,0.450439453125,3682,2.247314453125,3407,2.0794677734375,True,25.17,73.63,119.0,1.0,True,ads7828_saturation_tgs2611
2026-08-01T11:10:18.515Z,119.00006849200008,118,20.97102600009748,0.06849200008218759,3605,2.2003173828125,3083,1.8817138671875,1,0.0006103515625,737,0.4498291015625,3682,2.247314453125,3410,2.081298828125,True,25.16,73.7,120.0,1.0,True,ads7828_saturation_tgs2611
2026-08-01T11:10:19.514Z,120.0000645770001,119,16.015479000088817,0.06457700010287226,3601,2.1978759765625,3088,1.884765625,1,0.0006103515625,738,0.450439453125,3681,2.2467041015625,3414,2.083740234375,True,25.15,73.74,121.0,1.0,True,ads7828_saturation_tgs2611
2026-08-01T11:10:20.515Z,121.00007602799997,120,18.082668000261037,0.07602799996675458,3603,2.1990966796875,3088,1.884765625,1,0.0006103515625,738,0.450439453125,3683,2.2479248046875,3413,2.0831298828125,True,25.17,73.8,123.0,1.0,True,ads7828_saturation_tgs2611
2026-08-01T11:10:21.515Z,122.00007712100023,121,15.132032000110485,0.07712100023127277,3604,2.19970703125,3086,1.883544921875,1,0.0006103515625,738,0.450439453125,3690,2.252197265625,3424,2.08984375,True,25.17,73.82,124.0,1.0,True,ads7828_saturation_tgs2611
2026-08-01T11:10:22.514Z,123.00006413600022,122,15.21399500006737,0.06413600021915045,3614,2.205810546875,3092,1.88720703125,1,0.0006103515625,738,0.450439453125,3687,2.2503662109375,3424,2.08984375,True,25.155,73.86,124.0,1.0,True,ads7828_saturation_tgs2611
2026-08-01T11:10:23.514Z,124.00006347800036,123,21.223266999641055,0.06347800035655382,3612,2.20458984375,3096,1.8896484375,1,0.0006103515625,738,0.450439453125,3687,2.2503662109375,3427,2.0916748046875,True,25.17,73.9,126.0,1.0,True,ads7828_saturation_tgs2611
2026-08-01T11:10:24.515Z,125.00006613000005,124,15.280384000107006,0.06613000005017966,3611,2.2039794921875,3099,1.8914794921875,1,0.0006103515625,737,0.4498291015625,3689,2.2515869140625,3430,2.093505859375,True,25.15,73.97,127.0,1.0,True,ads7828_saturation_tgs2611
2026-08-01T11:10:25.515Z,126.0000664070003,125,18.3378530000482,0.06640700030402513,3617,2.2076416015625,3102,1.893310546875,1,0.0006103515625,737,0.4498291015625,3689,2.2515869140625,3432,2.0947265625,True,25.165,74.05,127.0,1.0,True,ads7828_saturation_tgs2611
2026-08-01T11:10:26.514Z,127.00006286400003,126,15.382032000161416,0.06286400002863957,3619,2.2088623046875,3103,1.8939208984375,1,0.0006103515625,737,0.4498291015625,3685,2.2491455078125,3435,2.0965576171875,True,25.175,74.11,128.0,1.0,True,ads7828_saturation_tgs2611
2026-08-01T11:10:27.514Z,128.00006424100002,127,15.467236999938905,0.06424100001822808,3617,2.2076416015625,3100,1.89208984375,1,0.0006103515625,737,0.4498291015625,3680,2.24609375,3439,2.0989990234375,True,25.165,74.14,129.0,1.0,True,ads7828_saturation_tgs2611
2026-08-01T11:10:28.514Z,129.0000648360001,128,21.56499000011536,0.0648360000923276,3627,2.2137451171875,3107,1.8963623046875,1,0.0006103515625,737,0.4498291015625,3680,2.24609375,3437,2.0977783203125,True,25.15,74.18,130.0,1.0,True,ads7828_saturation_tgs2611
2026-08-01T11:10:29.515Z,130.00007022199998,129,15.543996000360494,0.07022199997663847,3617,2.2076416015625,3107,1.8963623046875,1,0.0006103515625,737,0.4498291015625,3680,2.24609375,3443,2.1014404296875,True,25.175,74.24,131.0,1.0,True,ads7828_saturation_tgs2611
2026-08-01T11:10:30.515Z,131.00007293600038,130,19.59100399972158,0.07293600037883152,3624,2.2119140625,3108,1.89697265625,1,0.0006103515625,737,0.4498291015625,3690,2.252197265625,3448,2.1044921875,True,25.19,74.27,132.0,1.0,True,ads7828_saturation_tgs2611
2026-08-01T11:10:31.515Z,132.000071683,131,15.627032000338659,0.07168299998738803,3624,2.2119140625,3111,1.8988037109375,1,0.0006103515625,737,0.4498291015625,3691,2.2528076171875,3450,2.105712890625,True,25.18,74.35,132.0,1.0,True,ads7828_saturation_tgs2611
2026-08-01T11:10:32.515Z,133.00006866400008,132,16.685720000168658,0.06866400008220808,3630,2.215576171875,3111,1.8988037109375,1,0.0006103515625,737,0.4498291015625,3683,2.2479248046875,3449,2.1051025390625,True,25.185,74.36,133.0,1.0,True,ads7828_saturation_tgs2611
2026-08-01T11:10:33.515Z,134.00006801200016,133,15.777292000166199,0.06801200015615905,3629,2.2149658203125,3116,1.90185546875,1,0.0006103515625,737,0.4498291015625,3689,2.2515869140625,3460,2.11181640625,True,25.175,74.4,135.0,1.0,True,ads7828_saturation_tgs2611
2026-08-01T11:10:34.515Z,135.00007250199997,134,15.80760700016981,0.07250199996633455,3641,2.2222900390625,3113,1.9000244140625,1,0.0006103515625,737,0.4498291015625,3662,2.235107421875,3462,2.113037109375,True,25.175,74.43,136.0,1.0,True,ads7828_saturation_tgs2611
2026-08-01T11:10:35.514Z,136.0000652650001,135,19.840855999973428,0.06526500010295422,3634,2.218017578125,3120,1.904296875,1,0.0006103515625,737,0.4498291015625,3689,2.2515869140625,3461,2.1124267578125,True,25.18,74.51,137.0,1.0,True,ads7828_saturation_tgs2611
2026-08-01T11:10:36.515Z,137.00007354200034,136,15.884716999607917,0.07354200033660163,3636,2.21923828125,3121,1.9049072265625,1,0.0006103515625,737,0.4498291015625,3685,2.2491455078125,3463,2.1136474609375,True,25.19,74.56,138.0,1.0,True,ads7828_saturation_tgs2611
2026-08-01T11:10:37.515Z,138.00006466500008,137,16.941719999977067,0.0646650000817317,3638,2.220458984375,3119,1.9036865234375,1,0.0006103515625,737,0.4498291015625,3687,2.2503662109375,3465,2.1148681640625,True,25.19,74.6,140.0,1.0,True,ads7828_saturation_tgs2611
2026-08-01T11:10:38.514Z,139.0000637090002,138,15.96945900018909,0.06370900018737302,3640,2.2216796875,3123,1.9061279296875,1,0.0006103515625,737,0.4498291015625,3691,2.2528076171875,3469,2.1173095703125,True,25.185,74.64,141.0,1.0,True,ads7828_saturation_tgs2611
2026-08-01T11:10:39.514Z,140.00006063800038,139,15.012363999630907,0.06063800037736655,3644,2.22412109375,3124,1.90673828125,1,0.0006103515625,737,0.4498291015625,3687,2.2503662109375,3476,2.12158203125,True,25.19,74.71,143.0,1.0,True,ads7828_saturation_tgs2611
2026-08-01T11:10:40.515Z,141.0000770800002,140,20.084762999886152,0.07708000021011685,3639,2.2210693359375,3127,1.9085693359375,1,0.0006103515625,737,0.4498291015625,3687,2.2503662109375,3473,2.1197509765625,True,25.18,74.75,145.0,1.0,True,ads7828_saturation_tgs2611
2026-08-01T11:10:41.514Z,142.0000630720001,141,15.131864000068163,0.06307200010269298,3641,2.2222900390625,3129,1.9097900390625,1,0.0006103515625,737,0.4498291015625,3693,2.2540283203125,3472,2.119140625,True,25.19,74.78,144.0,1.0,True,ads7828_saturation_tgs2611
2026-08-01T11:10:42.514Z,143.00006470800008,142,17.187182000270695,0.06470800008173683,3645,2.2247314453125,3129,1.9097900390625,1,0.0006103515625,737,0.4498291015625,3695,2.2552490234375,3475,2.1209716796875,True,25.185,74.8,144.0,1.0,True,ads7828_saturation_tgs2611
2026-08-01T11:10:43.514Z,144.0000612460003,143,15.224066999962815,0.06124600031398586,3651,2.2283935546875,3134,1.912841796875,1,0.0006103515625,737,0.4498291015625,3693,2.2540283203125,3481,2.1246337890625,True,25.17,74.83,145.0,1.0,True,ads7828_saturation_tgs2611
2026-08-01T11:10:44.514Z,145.000062223,144,15.326104999985546,0.06222299998626113,3647,2.2259521484375,3132,1.91162109375,1,0.0006103515625,737,0.4498291015625,3692,2.25341796875,3480,2.1240234375,True,25.185,74.93,144.0,1.0,True,ads7828_saturation_tgs2611
2026-08-01T11:10:45.514Z,146.0000643440003,145,21.334542999738915,0.06434400029320386,3650,2.227783203125,3135,1.9134521484375,1,0.0006103515625,737,0.4498291015625,3687,2.2503662109375,3483,2.1258544921875,True,25.2,74.96,144.0,1.0,True,ads7828_saturation_tgs2611
2026-08-01T11:10:46.514Z,147.00006194100024,146,15.415012999710598,0.06194100024004001,3651,2.2283935546875,3138,1.915283203125,1,0.0006103515625,737,0.4498291015625,3697,2.2564697265625,3486,2.127685546875,True,25.17,74.99,145.0,1.0,True,ads7828_saturation_tgs2611
2026-08-01T11:10:47.514Z,148.00006242200016,147,18.427999999858002,0.06242200015549315,3652,2.22900390625,3140,1.91650390625,1,0.0006103515625,737,0.4498291015625,3694,2.254638671875,3495,2.1331787109375,True,25.185,74.99,145.0,1.0,True,ads7828_saturation_tgs2611
2026-08-01T11:10:48.515Z,149.000068973,148,15.528049000295141,0.06897299999764073,3655,2.2308349609375,3141,1.9171142578125,1,0.0006103515625,737,0.4498291015625,3694,2.254638671875,3494,2.132568359375,True,25.2,75.07,147.0,1.0,True,ads7828_saturation_tgs2611
2026-08-01T11:10:49.514Z,150.0000637410003,149,15.5819009996776,0.06374100030370755,3654,2.230224609375,3142,1.917724609375,1,0.0006103515625,737,0.4498291015625,3696,2.255859375,3491,2.1307373046875,True,25.175,75.08,147.0,1.0,True,ads7828_saturation_tgs2611
2026-08-01T11:10:50.515Z,151.00007348500003,150,21.568580000348447,0.07348500002990477,3659,2.2332763671875,3145,1.9195556640625,1,0.0006103515625,737,0.4498291015625,3694,2.254638671875,3500,2.13623046875,True,25.2,75.1,147.0,1.0,True,ads7828_saturation_tgs2611
2026-08-01T11:10:51.515Z,152.000073188,151,15.631031000339135,0.07318799998756731,3667,2.2381591796875,3142,1.917724609375,1,0.0006103515625,737,0.4498291015625,3700,2.25830078125,3500,2.13623046875,True,25.18,75.16,147.0,1.0,True,ads7828_saturation_tgs2611
2026-08-01T11:10:52.515Z,153.000065663,152,18.690148000132467,0.06566299998667091,3658,2.232666015625,3146,1.920166015625,1,0.0006103515625,737,0.4498291015625,3693,2.2540283203125,3499,2.1356201171875,True,25.21,75.22,147.0,1.0,True,ads7828_saturation_tgs2611
2026-08-01T11:10:53.514Z,154.00006096700008,153,15.723939000054088,0.06096700008129119,3666,2.237548828125,3146,1.920166015625,1,0.0006103515625,737,0.4498291015625,3695,2.2552490234375,3503,2.1380615234375,True,25.2,75.22,148.0,1.0,True,ads7828_saturation_tgs2611
2026-08-01T11:10:54.515Z,155.00007037700016,154,16.014606000226195,0.07037700015644077,3667,2.2381591796875,3146,1.920166015625,1,0.0006103515625,737,0.4498291015625,3699,2.2576904296875,3513,2.1441650390625,True,25.185,75.27,148.0,1.0,True,ads7828_saturation_tgs2611
2026-08-01T11:10:55.515Z,156.00006517200018,155,15.83864199983509,0.06517200017697178,3664,2.236328125,3148,1.92138671875,1,0.0006103515625,737,0.4498291015625,3694,2.254638671875,3509,2.1417236328125,True,25.19,75.29,148.0,1.0,True,ads7828_saturation_tgs2611
2026-08-01T11:10:56.515Z,157.00006536800038,156,15.941105999900174,0.06536800037793,3668,2.23876953125,3153,1.9244384765625,1,0.0006103515625,737,0.4498291015625,3701,2.2589111328125,3510,2.142333984375,True,25.2,75.32,148.0,1.0,True,ads7828_saturation_tgs2611
2026-08-01T11:10:57.515Z,158.0000665980001,157,19.94476100026077,0.06659800010311301,3670,2.239990234375,3152,1.923828125,1,0.0006103515625,737,0.4498291015625,3702,2.259521484375,3511,2.1429443359375,True,25.215,75.33,148.0,1.0,True,ads7828_saturation_tgs2611
2026-08-01T11:10:58.514Z,159.00006358100018,158,16.016605000004347,0.06358100017678225,3671,2.2406005859375,3148,1.92138671875,1,0.0006103515625,737,0.4498291015625,3699,2.2576904296875,3512,2.1435546875,True,25.22,75.36,148.0,1.0,True,ads7828_saturation_tgs2611
2026-08-01T11:10:59.514Z,160.0000644490001,159,17.046606999883807,0.0644490000922815,3675,2.2430419921875,3155,1.9256591796875,1,0.0006103515625,737,0.4498291015625,3699,2.2576904296875,3522,2.149658203125,True,25.215,75.38,149.0,1.0,True,ads7828_saturation_tgs2611
2026-08-01T11:11:00.515Z,161.00007736700036,160,15.082769999935408,0.07736700035820832,3673,2.2418212890625,3155,1.9256591796875,1,0.0006103515625,736,0.44921875,3702,2.259521484375,3521,2.1490478515625,True,25.2,75.41,150.0,1.0,True,ads7828_saturation_tgs2611
2026-08-01T11:11:01.515Z,162.00006941000038,161,15.1392519996989,0.0694100003784115,3670,2.239990234375,3156,1.92626953125,1,0.0006103515625,736,0.44921875,3697,2.2564697265625,3524,2.15087890625,True,25.2,75.45,150.0,1.0,True,ads7828_saturation_tgs2611
2026-08-01T11:11:02.515Z,163.00006702300016,162,20.189815999856364,0.06702300015604123,3676,2.24365234375,3158,1.927490234375,1,0.0006103515625,736,0.44921875,3707,2.2625732421875,3530,2.154541015625,True,25.215,75.5,150.0,1.0,True,ads7828_saturation_tgs2611
2026-08-01T11:11:03.514Z,164.00006368599998,163,15.22949200034418,0.06368599997585989,3673,2.2418212890625,3164,1.93115234375,1,0.0006103515625,736,0.44921875,3699,2.2576904296875,3525,2.1514892578125,True,25.205,75.48,150.0,1.0,True,ads7828_saturation_tgs2611
2026-08-01T11:11:04.515Z,165.00007106700014,164,17.28723699989132,0.07106700013537193,3676,2.24365234375,3162,1.929931640625,1,0.0006103515625,736,0.44921875,3699,2.2576904296875,3530,2.154541015625,True,25.21,75.54,150.0,1.0,True,ads7828_saturation_tgs2611
2026-08-01T11:11:05.514Z,166.00006348000034,165,15.328621999742609,0.06348000033540302,3681,2.2467041015625,3160,1.9287109375,1,0.0006103515625,737,0.4498291015625,3704,2.2607421875,3536,2.158203125,True,25.225,75.54,152.0,1.0,True,ads7828_saturation_tgs2611
2026-08-01T11:11:06.515Z,167.00007033300017,166,15.388066000014078,0.07033300016701105,3686,2.249755859375,3169,1.9342041015625,1,0.0006103515625,736,0.44921875,3709,2.2637939453125,3539,2.1600341796875,True,25.22,75.59,154.0,1.0,True,ads7828_saturation_tgs2611
2026-08-01T11:11:07.514Z,168.0000623850001,167,20.445650000056048,0.062385000092035625,3681,2.2467041015625,3164,1.93115234375,1,0.0006103515625,736,0.44921875,3704,2.2607421875,3540,2.16064453125,True,25.22,75.61,153.0,1.0,True,ads7828_saturation_tgs2611
2026-08-01T11:11:08.515Z,169.0000647840002,168,15.483454999866808,0.06478400018750108,3678,2.244873046875,3166,1.932373046875,1,0.0006103515625,736,0.44921875,3708,2.26318359375,3544,2.1630859375,True,25.215,75.63,154.0,1.0,True,ads7828_saturation_tgs2611
2026-08-01T11:11:09.514Z,170.00006536299998,169,17.578293000042322,0.06536299997605965,3682,2.247314453125,3165,1.9317626953125,1,0.0006103515625,737,0.4498291015625,3708,2.26318359375,3544,2.1630859375,True,25.205,75.66,154.0,1.0,True,ads7828_saturation_tgs2611
2026-08-01T11:11:10.515Z,171.00006984500033,170,15.590862999943056,0.06984500032558572,3680,2.24609375,3167,1.9329833984375,1,0.0006103515625,736,0.44921875,3709,2.2637939453125,3550,2.166748046875,True,25.21,75.69,153.0,1.0,True,ads7828_saturation_tgs2611
2026-08-01T11:11:11.514Z,172.00006302600013,171,15.636492999874463,0.06302600013441406,3686,2.249755859375,3168,1.93359375,1,0.0006103515625,736,0.44921875,3705,2.2613525390625,3543,2.1624755859375,True,25.225,75.72,153.0,1.0,True,ads7828_saturation_tgs2611
2026-08-01T11:11:12.515Z,173.00007131400025,172,21.67779999990671,0.07131400025173207,3687,2.2503662109375,3170,1.934814453125,1,0.0006103515625,736,0.44921875,3710,2.264404296875,3555,2.1697998046875,True,25.23,75.75,154.0,1.0,True,ads7828_saturation_tgs2611
2026-08-01T11:11:13.514Z,174.00006107900026,173,15.73023299988563,0.06107900026108837,3690,2.252197265625,3169,1.9342041015625,1,0.0006103515625,736,0.44921875,3713,2.2662353515625,3564,2.17529296875,True,25.23,75.78,153.0,1.0,True,ads7828_saturation_tgs2611
2026-08-01T11:11:14.514Z,175.00006220900013,174,18.779145999815228,0.06220900013431674,3685,2.2491455078125,3175,1.9378662109375,1,0.0006103515625,736,0.44921875,3711,2.2650146484375,3556,2.17041015625,True,25.225,75.79,153.0,1.0,True,ads7828_saturation_tgs2611
2026-08-01T11:11:15.514Z,176.00006153799995,175,15.811400000075082,0.06153799995445297,3685,2.2491455078125,3170,1.934814453125,1,0.0006103515625,736,0.44921875,3708,2.26318359375,3554,2.169189453125,True,25.215,75.81,151.0,1.0,True,ads7828_saturation_tgs2611
2026-08-01T11:11:16.515Z,177.00006562199997,176,15.938863000428682,0.06562199996551499,3688,2.2509765625,3177,1.9390869140625,1,0.0006103515625,736,0.44921875,3711,2.2650146484375,3557,2.1710205078125,True,25.22,75.81,151.0,1.0,True,ads7828_saturation_tgs2611
2026-08-01T11:11:17.514Z,178.00006177500018,177,15.926695999951335,0.06177500017656712,3690,2.252197265625,3172,1.93603515625,1,0.0006103515625,736,0.44921875,3707,2.2625732421875,3563,2.1746826171875,True,25.245,75.88,151.0,1.0,True,ads7828_saturation_tgs2611
2026-08-01T11:11:18.514Z,179.0000654610003,178,15.979363000042213,0.06546100030391244,3693,2.2540283203125,3177,1.9390869140625,1,0.0006103515625,736,0.44921875,3712,2.265625,3566,2.176513671875,True,25.22,75.92,151.0,1.0,True,ads7828_saturation_tgs2611
2026-08-01T11:11:19.515Z,180.00007016000018,179,19.153313000060734,0.07016000017756596,3681,2.2467041015625,3179,1.9403076171875,1,0.0006103515625,736,0.44921875,3706,2.261962890625,3567,2.1771240234375,True,25.23,75.93,152.0,1.0,True,ads7828_saturation_tgs2611
2026-08-01T11:11:20.515Z,181.00007405900033,180,15.086028000041551,0.0740590003260877,3693,2.2540283203125,3167,1.9329833984375,1,0.0006103515625,736,0.44921875,3712,2.265625,3572,2.18017578125,True,25.215,75.98,151.0,1.0,True,ads7828_saturation_tgs2611
2026-08-01T11:11:21.515Z,182.00007199000038,181,16.245233999597986,0.07199000037871883,3698,2.257080078125,3180,1.94091796875,1,0.0006103515625,736,0.44921875,3712,2.265625,3571,2.1795654296875,True,25.205,76.03,150.0,1.0,True,ads7828_saturation_tgs2611
2026-08-01T11:11:22.514Z,183.00006338000003,182,15.178472000116017,0.06338000002870103,3695,2.2552490234375,3181,1.9415283203125,1,0.0006103515625,736,0.44921875,3719,2.2698974609375,3580,2.18505859375,True,25.235,76.06,150.0,1.0,True,ads7828_saturation_tgs2611
2026-08-01T11:11:23.514Z,184.0000634500002,183,15.215341999919474,0.06345000019791769,3694,2.254638671875,3184,1.943359375,1,0.0006103515625,736,0.44921875,3713,2.2662353515625,3581,2.1856689453125,True,25.21,76.07,150.0,1.0,True,ads7828_saturation_tgs2611
2026-08-01T11:11:24.515Z,185.00007036700026,184,20.293184999900404,0.07036700026219478,3698,2.257080078125,3184,1.943359375,1,0.0006103515625,736,0.44921875,3718,2.269287109375,3578,2.183837890625,True,25.24,76.15,149.0,1.0,True,ads7828_saturation_tgs2611
2026-08-01T11:11:25.515Z,186.00007285400034,185,15.338010000050417,0.07285400033651968,3701,2.2589111328125,3184,1.943359375,1,0.0006103515625,736,0.44921875,3719,2.2698974609375,3581,2.1856689453125,True,25.26,76.13,149.0,1.0,True,ads7828_saturation_tgs2611
2026-08-01T11:11:26.514Z,187.0000654290002,186,17.440384000110498,0.06542900018757791,3697,2.2564697265625,3185,1.9439697265625,1,0.0006103515625,736,0.44921875,3719,2.2698974609375,3591,2.1917724609375,True,25.23,76.15,148.0,1.0,True,ads7828_saturation_tgs2611
2026-08-01T11:11:27.515Z,188.00006590700013,187,15.432027999850106,0.06590700013475725,3699,2.2576904296875,3185,1.9439697265625,1,0.0006103515625,736,0.44921875,3720,2.2705078125,3588,2.18994140625,True,25.235,76.2,148.0,1.0,True,ads7828_saturation_tgs2611
2026-08-01T11:11:28.515Z,189.00007115800008,188,15.478638999866234,0.07115800008250517,3704,2.2607421875,3189,1.9464111328125,1,0.0006103515625,736,0.44921875,3721,2.2711181640625,3591,2.1917724609375,True,25.255,76.23,148.0,1.0,True,ads7828_saturation_tgs2611
2026-08-01T11:11:29.514Z,190.00006062700004,189,20.54163000002518,0.06062700003894861,3697,2.2564697265625,3186,1.944580078125,1,0.0006103515625,736,0.44921875,3717,2.2686767578125,3591,2.1917724609375,True,25.25,76.24,148.0,1.0,True,ads7828_saturation_tgs2611
2026-08-01T11:11:30.515Z,191.00007081400008,190,15.592361000017263,0.07081400008246419,3701,2.2589111328125,3187,1.9451904296875,1,0.0006103515625,736,0.44921875,3720,2.2705078125,3595,2.1942138671875,True,25.22,76.27,147.0,1.0,True,ads7828_saturation_tgs2611
2026-08-01T11:11:31.514Z,192.00006360700036,191,17.643345999658777,0.06360700035656919,3705,2.2613525390625,3191,1.9476318359375,1,0.0006103515625,736,0.44921875,3722,2.271728515625,3599,2.1966552734375,True,25.23,76.29,147.0,1.0,True,ads7828_saturation_tgs2611
2026-08-01T11:11:32.515Z,193.00006684000027,192,15.682491000006848,0.06684000027235015,3707,2.2625732421875,3192,1.9482421875,1,0.0006103515625,736,0.44921875,3718,2.269287109375,3602,2.198486328125,True,25.23,76.31,146.0,1.0,True,ads7828_saturation_tgs2611
2026-08-01T11:11:33.514Z,194.00006195700007,193,15.726288000223576,0.0619570000708336,3709,2.2637939453125,3190,1.947021484375,1,0.0006103515625,736,0.44921875,3720,2.2705078125,3600,2.197265625,True,25.24,76.32,147.0,1.0,True,ads7828_saturation_tgs2611
2026-08-01T11:11:34.514Z,195.000061404,194,20.86040700032754,0.06140400000731461,3703,2.2601318359375,3192,1.9482421875,1,0.0006103515625,736,0.44921875,3725,2.2735595703125,3608,2.2021484375,True,25.215,76.34,148.0,1.0,True,ads7828_saturation_tgs2611
2026-08-01T11:11:35.514Z,196.00006079000013,195,15.816176000043924,0.060790000134147704,3705,2.2613525390625,3194,1.949462890625,1,0.0006103515625,736,0.44921875,3725,2.2735595703125,3604,2.19970703125,True,25.25,76.32,148.0,1.0,True,ads7828_saturation_tgs2611
2026-08-01T11:11:36.515Z,197.00008089400035,196,17.939290999947843,0.08089400034805294,3707,2.2625732421875,3194,1.949462890625,1,0.0006103515625,736,0.44921875,3722,2.271728515625,3608,2.2021484375,True,25.255,76.31,148.0,1.0,True,ads7828_saturation_tgs2611
2026-08-01T11:11:37.514Z,198.00006173400016,197,15.93256600017412,0.061734000155411195,3711,2.2650146484375,3191,1.9476318359375,1,0.0006103515625,736,0.44921875,3730,2.276611328125,3608,2.2021484375,True,25.245,76.32,148.0,1.0,True,ads7828_saturation_tgs2611
2026-08-01T11:11:38.514Z,199.00006127400002,198,15.971769000316272,0.06127400001787464,3709,2.2637939453125,3193,1.9488525390625,1,0.0006103515625,736,0.44921875,3723,2.2723388671875,3615,2.2064208984375,True,25.235,76.31,148.0,1.0,True,ads7828_saturation_tgs2611
2026-08-01T11:11:39.514Z,200.00006019800003,199,22.01213100033783,0.060198000028321985,3712,2.265625,3195,1.9500732421875,1,0.0006103515625,736,0.44921875,3718,2.269287109375,3616,2.20703125,True,25.26,76.32,148.0,1.0,True,ads7828_saturation_tgs2611
2026-08-01T11:11:40.515Z,201.00007072900007,200,15.093063000222173,0.07072900007187854,3712,2.265625,3199,1.9525146484375,1,0.0006103515625,736,0.44921875,3724,2.27294921875,3616,2.20703125,True,25.245,76.3,148.0,1.0,True,ads7828_saturation_tgs2611
2026-08-01T11:11:41.514Z,202.00006384800008,201,19.14147800016508,0.06384800008163438,3710,2.264404296875,3201,1.9537353515625,1,0.0006103515625,736,0.44921875,3730,2.276611328125,3617,2.2076416015625,True,25.255,76.21,148.0,1.0,True,ads7828_saturation_tgs2611
2026-08-01T11:11:42.515Z,203.000068499,202,15.186490000360209,0.06849900000815978,3710,2.264404296875,3199,1.9525146484375,1,0.0006103515625,736,0.44921875,3725,2.2735595703125,3616,2.20703125,True,25.255,76.13,147.0,1.0,True,ads7828_saturation_tgs2611
2026-08-01T11:11:43.514Z,204.00006325799995,203,16.23434300017834,0.06325799995465786,3711,2.2650146484375,3194,1.949462890625,1,0.0006103515625,735,0.4486083984375,3727,2.2747802734375,3626,2.213134765625,True,25.27,76.12,147.0,1.0,True,ads7828_saturation_tgs2611
2026-08-01T11:11:44.515Z,205.00007117800033,204,22.269817000051262,0.0711780003257445,3714,2.266845703125,3199,1.9525146484375,1,0.0006103515625,736,0.44921875,3732,2.27783203125,3628,2.21435546875,True,25.25,76.09,147.0,1.0,True,ads7828_saturation_tgs2611
2026-08-01T11:11:45.515Z,206.000079465,205,15.334323000388395,0.07946499999889056,3713,2.2662353515625,3203,1.9549560546875,1,0.0006103515625,736,0.44921875,3725,2.2735595703125,3626,2.213134765625,True,25.26,76.06,148.0,1.0,True,ads7828_saturation_tgs2611
2026-08-01T11:11:46.515Z,207.00006667300022,206,19.385236999823974,0.06667300021945266,3711,2.2650146484375,3206,1.956787109375,1,0.0006103515625,735,0.4486083984375,3726,2.274169921875,3635,2.2186279296875,True,25.25,76.06,146.0,1.0,True,ads7828_saturation_tgs2611
2026-08-01T11:11:47.514Z,208.00006334,207,15.424877999976161,0.06333999999696971,3711,2.2650146484375,3203,1.9549560546875,1,0.0006103515625,736,0.44921875,3731,2.2772216796875,3635,2.2186279296875,True,25.265,76.06,145.0,1.0,True,ads7828_saturation_tgs2611
2026-08-01T11:11:48.515Z,209.00007146500002,208,16.49002800013477,0.07146500001908862,3712,2.265625,3205,1.9561767578125,1,0.0006103515625,736,0.44921875,3731,2.2772216796875,3637,2.2198486328125,True,25.265,76.11,145.0,1.0,True,ads7828_saturation_tgs2611
2026-08-01T11:11:49.514Z,210.00006386400037,209,15.528951999840501,0.06386400036717532,3715,2.2674560546875,3207,1.9573974609375,1,0.0006103515625,736,0.44921875,3733,2.2784423828125,3637,2.2198486328125,True,25.265,76.17,146.0,1.0,True,ads7828_saturation_tgs2611
2026-08-01T11:11:50.515Z,211.0000725910004,210,15.586267999879055,0.07259100038936595,3717,2.2686767578125,3204,1.95556640625,1,0.0006103515625,736,0.44921875,3737,2.2808837890625,3642,2.222900390625,True,25.265,76.25,145.0,1.0,True,ads7828_saturation_tgs2611
2026-08-01T11:11:51.515Z,212.00006992600038,211,20.65038699993238,0.06992600037847296,3707,2.2625732421875,3208,1.9580078125,1,0.0006103515625,736,0.44921875,3733,2.2784423828125,3639,2.2210693359375,True,25.265,76.31,145.0,1.0,True,ads7828_saturation_tgs2611
2026-08-01T11:11:52.515Z,213.00007114500022,212,15.684379000049375,0.07114500021998538,3715,2.2674560546875,3211,1.9598388671875,1,0.0006103515625,735,0.4486083984375,3733,2.2784423828125,3644,2.22412109375,True,25.24,76.35,146.0,1.0,True,ads7828_saturation_tgs2611
2026-08-01T11:11:53.514Z,214.0000634150001,213,17.741734000082943,0.06341500011330936,3716,2.26806640625,3207,1.9573974609375,1,0.0006103515625,735,0.4486083984375,3735,2.2796630859375,3647,2.2259521484375,True,25.255,76.43,145.0,1.0,True,ads7828_saturation_tgs2611
2026-08-01T11:11:54.515Z,215.00006634800002,214,15.78393399995548,0.06634800001847907,3720,2.2705078125,3208,1.9580078125,1,0.0006103515625,735,0.4486083984375,3732,2.27783203125,3646,2.225341796875,True,25.265,76.47,145.0,1.0,True,ads7828_saturation_tgs2611
2026-08-01T11:11:55.514Z,216.00006490600026,215,15.832322999813186,0.06490600026154425,3718,2.269287109375,3215,1.9622802734375,1,0.0006103515625,735,0.4486083984375,3738,2.281494140625,3649,2.2271728515625,True,25.26,76.51,144.0,1.0,True,ads7828_saturation_tgs2611
2026-08-01T11:11:56.515Z,217.00007477500003,216,20.873850000043603,0.07477500003005844,3720,2.2705078125,3205,1.9561767578125,1,0.0006103515625,735,0.4486083984375,3737,2.2808837890625,3654,2.230224609375,True,25.26,76.58,144.0,1.0,True,ads7828_saturation_tgs2611
2026-08-01T11:11:57.515Z,218.00007019500026,217,15.94198900011179,0.07019500026217429,3725,2.2735595703125,3211,1.9598388671875,1,0.0006103515625,735,0.4486083984375,3731,2.2772216796875,3654,2.230224609375,True,25.275,76.64,143.0,1.0,True,ads7828_saturation_tgs2611
2026-08-01T11:11:58.514Z,219.00006377700038,218,17.99910399995497,0.06377700037774048,3721,2.2711181640625,3214,1.961669921875,1,0.0006103515625,735,0.4486083984375,3739,2.2821044921875,3655,2.2308349609375,True,25.27,76.69,142.0,1.0,True,ads7828_saturation_tgs2611
2026-08-01T11:11:59.514Z,220.00006246600014,219,15.031135999834078,0.06246600014492287,3707,2.2625732421875,3215,1.9622802734375,1,0.0006103515625,735,0.4486083984375,3737,2.2808837890625,3657,2.2320556640625,True,25.275,76.74,142.0,1.0,True,ads7828_saturation_tgs2611
2026-08-01T11:12:00.515Z,221.00006998400022,220,15.134894999846438,0.06998400021984708,3721,2.2711181640625,3213,1.9610595703125,1,0.0006103515625,735,0.4486083984375,3741,2.2833251953125,3661,2.2344970703125,True,25.27,76.76,143.0,1.0,True,ads7828_saturation_tgs2611
2026-08-01T11:12:01.515Z,222.0000687380002,221,21.12583200005247,0.06873800020912313,3727,2.2747802734375,3216,1.962890625,1,0.0006103515625,736,0.44921875,3741,2.2833251953125,3666,2.237548828125,True,25.285,76.83,143.0,1.0,True,ads7828_saturation_tgs2611
2026-08-01T11:12:02.515Z,223.0000654700002,222,15.184376999968663,0.06547000020873384,3722,2.271728515625,3212,1.96044921875,1,0.0006103515625,735,0.4486083984375,3746,2.286376953125,3666,2.237548828125,True,25.265,76.85,143.0,1.0,True,ads7828_saturation_tgs2611
2026-08-01T11:12:03.514Z,224.00006180900027,223,18.244011999740906,0.06180900027175085,3720,2.2705078125,3214,1.961669921875,1,0.0006103515625,735,0.4486083984375,3745,2.2857666015625,3672,2.2412109375,True,25.29,76.87,143.0,1.0,True,ads7828_saturation_tgs2611
2026-08-01T11:12:04.515Z,225.00006705100031,224,15.283209999779501,0.06705100031467737,3725,2.2735595703125,3221,1.9659423828125,1,0.0006103515625,735,0.4486083984375,3743,2.2845458984375,3667,2.2381591796875,True,25.255,76.9,141.0,1.0,True,ads7828_saturation_tgs2611
2026-08-01T11:12:05.515Z,226.000066437,225,15.367396000328881,0.06643699998676311,3729,2.2760009765625,3220,1.96533203125,1,0.0006103515625,735,0.4486083984375,3743,2.2845458984375,3672,2.2412109375,True,25.29,76.94,140.0,1.0,True,ads7828_saturation_tgs2611
2026-08-01T11:12:06.515Z,227.00007215200003,226,22.3687030002111,0.07215200002974598,3729,2.2760009765625,3221,1.9659423828125,1,0.0006103515625,735,0.4486083984375,3741,2.2833251953125,3670,2.239990234375,True,25.265,76.95,141.0,1.0,True,ads7828_saturation_tgs2611
2026-08-01T11:12:07.514Z,228.00006382600031,227,15.431117999924027,0.0638260003142932,3725,2.2735595703125,3221,1.9659423828125,1,0.0006103515625,735,0.4486083984375,3739,2.2821044921875,3667,2.2381591796875,True,25.295,77.01,142.0,1.0,True,ads7828_saturation_tgs2611
2026-08-01T11:12:08.514Z,229.0000647730003,228,19.538716999704775,0.06477300030383049,3733,2.2784423828125,3219,1.9647216796875,1,0.0006103515625,735,0.4486083984375,3748,2.28759765625,3679,2.2454833984375,True,25.305,77.03,141.0,1.0,True,ads7828_saturation_tgs2611
2026-08-01T11:12:09.514Z,230.00006556800008,229,15.527358999861463,0.06556800008183927,3729,2.2760009765625,3224,1.9677734375,1,0.0006103515625,735,0.4486083984375,3745,2.2857666015625,3679,2.2454833984375,True,25.295,77.08,141.0,1.0,True,ads7828_saturation_tgs2611
2026-08-01T11:12:10.515Z,231.00007172899996,230,16.603768000095442,0.07172899995566695,3734,2.279052734375,3213,1.9610595703125,1,0.0006103515625,735,0.4486083984375,3743,2.2845458984375,3680,2.24609375,True,25.29,77.07,141.0,1.0,True,ads7828_saturation_tgs2611
2026-08-01T11:12:11.515Z,232.00007357200002,231,22.626481000315835,0.07357200001933961,3731,2.2772216796875,3224,1.9677734375,1,0.0006103515625,735,0.4486083984375,3748,2.28759765625,3685,2.2491455078125,True,25.305,77.09,141.0,1.0,True,ads7828_saturation_tgs2611
2026-08-01T11:12:12.515Z,233.00007103899998,232,15.691341000092507,0.0710389999767358,3727,2.2747802734375,3226,1.968994140625,1,0.0006103515625,734,0.447998046875,3746,2.286376953125,3685,2.2491455078125,True,25.295,77.1,140.0,1.0,True,ads7828_saturation_tgs2611
2026-08-01T11:12:13.514Z,234.0000647070001,233,19.74158700022599,0.06470700009231223,3733,2.2784423828125,3225,1.9683837890625,1,0.0006103515625,735,0.4486083984375,3749,2.2882080078125,3688,2.2509765625,True,25.295,77.12,139.0,1.0,True,ads7828_saturation_tgs2611
2026-08-01T11:12:14.514Z,235.0000640180001,234,15.777470000102767,0.06401800010280567,3737,2.2808837890625,3224,1.9677734375,1,0.0006103515625,735,0.4486083984375,3751,2.2894287109375,3695,2.2552490234375,True,25.295,77.16,138.0,1.0,True,ads7828_saturation_tgs2611
2026-08-01T11:12:15.515Z,236.00007201000017,235,16.856657000062114,0.07201000016721082,3736,2.2802734375,3226,1.968994140625,1,0.0006103515625,735,0.4486083984375,3750,2.288818359375,3689,2.2515869140625,True,25.27,77.14,138.0,1.0,True,ads7828_saturation_tgs2611
2026-08-01T11:12:16.515Z,237.00007046100018,236,15.885673999946448,0.07046100017760182,3735,2.2796630859375,3225,1.9683837890625,1,0.0006103515625,735,0.4486083984375,3749,2.2882080078125,3691,2.2528076171875,True,25.3,77.18,137.0,1.0,True,ads7828_saturation_tgs2611
2026-08-01T11:12:17.515Z,238.00006733400005,237,15.927452000141784,0.06733400005032308,3733,2.2784423828125,3226,1.968994140625,1,0.0006103515625,734,0.447998046875,3751,2.2894287109375,3696,2.255859375,True,25.295,77.17,137.0,1.0,True,ads7828_saturation_tgs2611
2026-08-01T11:12:18.514Z,239.00006574000008,238,20.11153200010085,0.06574000008185976,3741,2.2833251953125,3225,1.9683837890625,1,0.0006103515625,734,0.447998046875,3749,2.2882080078125,3695,2.2552490234375,True,25.31,77.18,137.0,1.0,True,ads7828_saturation_tgs2611
2026-08-01T11:12:19.514Z,240.00006284600022,239,15.031819999876461,0.06284600021899678,3734,2.279052734375,3231,1.9720458984375,1,0.0006103515625,734,0.447998046875,3756,2.29248046875,3698,2.257080078125,True,25.29,77.21,137.0,1.0,True,ads7828_saturation_tgs2611
2026-08-01T11:12:20.515Z,241.00007055800006,240,17.09900900004868,0.07055800006128266,3741,2.2833251953125,3221,1.9659423828125,1,0.0006103515625,734,0.447998046875,3756,2.29248046875,3705,2.2613525390625,True,25.32,77.24,136.0,1.0,True,ads7828_saturation_tgs2611
2026-08-01T11:12:21.515Z,242.0000718600004,241,15.145893999942928,0.07186000038927887,3740,2.28271484375,3231,1.9720458984375,1,0.0006103515625,735,0.4486083984375,3754,2.291259765625,3703,2.2601318359375,True,25.31,77.28,136.0,1.0,True,ads7828_saturation_tgs2611
2026-08-01T11:12:22.514Z,243.00006569300012,242,15.181617000052938,0.06569300012415624,3741,2.2833251953125,3232,1.97265625,1,0.0006103515625,735,0.4486083984375,3756,2.29248046875,3704,2.2607421875,True,25.295,77.31,135.0,1.0,True,ads7828_saturation_tgs2611
2026-08-01T11:12:23.514Z,244.0000640420003,243,21.219458999894414,0.06404200030374341,3740,2.28271484375,3231,1.9720458984375,1,0.0006103515625,734,0.447998046875,3759,2.2943115234375,3708,2.26318359375,True,25.32,77.33,136.0,1.0,True,ads7828_saturation_tgs2611
2026-08-01T11:12:24.515Z,245.00007051600005,244,15.283820000149717,0.07051600005070213,3737,2.2808837890625,3234,1.973876953125,1,0.0006103515625,734,0.447998046875,3757,2.2930908203125,3709,2.2637939453125,True,25.295,77.34,136.0,1.0,True,ads7828_saturation_tgs2611
2026-08-01T11:12:25.515Z,246.00006589300028,245,18.341176999911113,0.06589300028281286,3739,2.2821044921875,3229,1.9708251953125,1,0.0006103515625,735,0.4486083984375,3756,2.29248046875,3711,2.2650146484375,True,25.325,77.38,136.0,1.0,True,ads7828_saturation_tgs2611
2026-08-01T11:12:26.514Z,247.0000645070004,246,15.376486999684857,0.06450700038840296,3747,2.2869873046875,3237,1.9757080078125,1,0.0006103515625,734,0.447998046875,3756,2.29248046875,3714,2.266845703125,True,25.29,77.38,136.0,1.0,True,ads7828_saturation_tgs2611
2026-08-01T11:12:27.514Z,248.00006556200015,247,15.476190999834216,0.06556200014529168,3739,2.2821044921875,3234,1.973876953125,1,0.0006103515625,734,0.447998046875,3755,2.2918701171875,3711,2.2650146484375,True,25.34,77.41,136.0,1.0,True,ads7828_saturation_tgs2611
2026-08-01T11:12:28.515Z,249.0000701490003,248,21.48144099965066,0.07014900029389537,3739,2.2821044921875,3236,1.97509765625,1,0.0006103515625,734,0.447998046875,3755,2.2918701171875,3720,2.2705078125,True,25.305,77.43,135.0,1.0,True,ads7828_saturation_tgs2611
2026-08-01T11:12:29.514Z,250.00006341800008,249,15.51896899991334,0.06341800008158316,3738,2.281494140625,3237,1.9757080078125,1,0.0006103515625,734,0.447998046875,3759,2.2943115234375,3719,2.2698974609375,True,25.315,77.46,135.0,1.0,True,ads7828_saturation_tgs2611
2026-08-01T11:12:30.515Z,251.00007323800037,250,18.597972999941703,0.07323800036829198,3743,2.2845458984375,3236,1.97509765625,1,0.0006103515625,734,0.447998046875,3755,2.2918701171875,3718,2.269287109375,True,25.33,77.47,134.0,1.0,True,ads7828_saturation_tgs2611
2026-08-01T11:12:31.515Z,252.00006464700027,251,15.63081999984206,0.06464700027208892,3747,2.2869873046875,3235,1.9744873046875,1,0.0006103515625,734,0.447998046875,3764,2.29736328125,3721,2.2711181640625,True,25.335,77.51,133.0,1.0,True,ads7828_saturation_tgs2611
2026-08-01T11:12:32.514Z,253.00006521900013,252,15.71652400025414,0.0652190001346753,3747,2.2869873046875,3238,1.976318359375,1,0.0006103515625,734,0.447998046875,3759,2.2943115234375,3725,2.2735595703125,True,25.325,77.54,133.0,1.0,True,ads7828_saturation_tgs2611
2026-08-01T11:12:33.514Z,254.00006286000007,253,15.727598000012222,0.06286000007094117,3744,2.28515625,3238,1.976318359375,1,0.0006103515625,734,0.447998046875,3761,2.2955322265625,3726,2.274169921875,True,25.32,77.55,133.0,1.0,True,ads7828_saturation_tgs2611
2026-08-01T11:12:34.514Z,255.00006331300028,254,15.770023999721161,0.06331300028250553,3740,2.28271484375,3240,1.9775390625,1,0.0006103515625,734,0.447998046875,3763,2.2967529296875,3726,2.274169921875,True,25.33,77.58,134.0,1.0,True,ads7828_saturation_tgs2611
2026-08-01T11:12:35.515Z,256.0000656680004,255,19.828011999834416,0.06566800038854126,3747,2.2869873046875,3242,1.978759765625,1,0.0006103515625,734,0.447998046875,3765,2.2979736328125,3729,2.2760009765625,True,25.325,77.59,134.0,1.0,True,ads7828_saturation_tgs2611
2026-08-01T11:12:36.515Z,257.0000736310003,256,15.905488000043988,0.07363100030488567,3748,2.28759765625,3240,1.9775390625,1,0.0006103515625,734,0.447998046875,3760,2.294921875,3733,2.2784423828125,True,25.34,77.59,135.0,1.0,True,ads7828_saturation_tgs2611
2026-08-01T11:12:37.515Z,258.0000669420001,257,16.94054400013556,0.06694200010315399,3750,2.288818359375,3239,1.9769287109375,1,0.0006103515625,734,0.447998046875,3765,2.2979736328125,3734,2.279052734375,True,25.34,77.57,134.0,1.0,True,ads7828_saturation_tgs2611
2026-08-01T11:12:38.514Z,259.000062823,258,15.976543000306265,0.06282300000748364,3746,2.286376953125,3238,1.976318359375,1,0.0006103515625,734,0.447998046875,3762,2.296142578125,3736,2.2802734375,True,25.34,77.58,133.0,1.0,True,ads7828_saturation_tgs2611
2026-08-01T11:12:39.514Z,260.00006234800003,259,15.017116000308306,0.0623480000285781,3747,2.2869873046875,3240,1.9775390625,1,0.0006103515625,734,0.447998046875,3767,2.2991943359375,3737,2.2808837890625,True,25.32,77.61,133.0,1.0,True,ads7828_saturation_tgs2611
2026-08-01T11:12:40.515Z,261.00007675899997,260,20.11380800013285,0.07675899996684166,3738,2.281494140625,3245,1.9805908203125,1,0.0006103515625,734,0.447998046875,3761,2.2955322265625,3739,2.2821044921875,True,25.33,77.66,133.0,1.0,True,ads7828_saturation_tgs2611
2026-08-01T11:12:41.514Z,262.00006351699994,261,15.13357800013182,0.0635169999441132,3754,2.291259765625,3248,1.982421875,1,0.0006103515625,734,0.447998046875,3768,2.2998046875,3733,2.2784423828125,True,25.33,77.63,132.0,1.0,True,ads7828_saturation_tgs2611
2026-08-01T11:12:42.514Z,263.00006291900036,262,17.185173999678227,0.06291900035648723,3749,2.2882080078125,3244,1.97998046875,1,0.0006103515625,734,0.447998046875,3770,2.301025390625,3742,2.283935546875,True,25.35,77.67,132.0,1.0,True,ads7828_saturation_tgs2611
2026-08-01T11:12:43.514Z,264.00006100200017,263,15.22120800018456,0.06100200016589952,3749,2.2882080078125,3247,1.9818115234375,1,0.0006103515625,734,0.447998046875,3771,2.3016357421875,3743,2.2845458984375,True,25.335,77.68,132.0,1.0,True,ads7828_saturation_tgs2611
2026-08-01T11:12:44.515Z,265.00006536,264,15.271966999989672,0.06536000000778586,3756,2.29248046875,3248,1.982421875,1,0.0006103515625,734,0.447998046875,3768,2.2998046875,3742,2.283935546875,True,25.335,77.69,132.0,1.0,True,ads7828_saturation_tgs2611
2026-08-01T11:12:45.515Z,266.00006697300023,265,21.329142000013235,0.06697300023006392,3754,2.291259765625,3247,1.9818115234375,1,0.0006103515625,734,0.447998046875,3772,2.30224609375,3751,2.2894287109375,True,25.35,77.7,131.0,1.0,True,ads7828_saturation_tgs2611
2026-08-01T11:12:46.514Z,267.0000618590002,266,15.36844900010692,0.061859000197728164,3750,2.288818359375,3246,1.981201171875,1,0.0006103515625,734,0.447998046875,3766,2.298583984375,3748,2.28759765625,True,25.35,77.73,131.0,1.0,True,ads7828_saturation_tgs2611
2026-08-01T11:12:47.514Z,268.0000618900003,267,18.428119999953196,0.061890000324638095,3754,2.291259765625,3252,1.98486328125,1,0.0006103515625,734,0.447998046875,3771,2.3016357421875,3748,2.28759765625,True,25.34,77.73,131.0,1.0,True,ads7828_saturation_tgs2611
2026-08-01T11:12:48.515Z,269.000072325,268,15.477134000320802,0.07232500001919107,3757,2.2930908203125,3248,1.982421875,1,0.0006103515625,734,0.447998046875,3769,2.3004150390625,3748,2.28759765625,True,25.34,77.75,130.0,1.0,True,ads7828_saturation_tgs2611
