timestamp_utc,elapsed_s,sequence,frame_duration_ms,deadline_miss_ms,tgs2620_raw,tgs2620_voltage_v,tgs2610_raw,tgs2610_voltage_v,tgs2611_raw,tgs2611_voltage_v,tgs2600_raw,tgs2600_voltage_v,tgs2602_raw,tgs2602_voltage_v,tgs2603_raw,tgs2603_voltage_v,ads7828_ok,nh3_raw,nh3_diff_voltage_v,nh3_ok,h2s_raw,h2s_diff_voltage_v,h2s_ok,error_codes
2026-07-28T11:04:02.463Z,4.444000296643935e-06,0,247.42066899852944,0.004444000296643935,3332,2.03369140625,1877,1.1456298828125,1868,1.14013671875,4095,2.4993896484375,3456,2.109375,3296,2.01171875,True,73278,1.14496875,True,1418,0.02215625,True,ads7828_saturation_tgs2600
2026-07-28T11:04:03.463Z,1.0000682669997332,1,4.458764999071718,0.06826699973316863,3328,2.03125,1882,1.148681640625,1880,1.1474609375,4095,2.4993896484375,3456,2.109375,3338,2.037353515625,True,53314,0.83303125,True,1483,0.023171875,True,ads7828_saturation_tgs2600
2026-07-28T11:04:04.463Z,2.000062552999225,2,4.406042000482557,0.06255299922486302,3336,2.0361328125,1892,1.15478515625,1936,1.181640625,4095,2.4993896484375,3484,2.12646484375,3504,2.138671875,True,31170,0.48703125,True,1231,0.019234375,True,ads7828_saturation_tgs2600
2026-07-28T11:04:05.463Z,3.0000622119987383,3,4.421005000040168,0.062211998738348484,3328,2.03125,1921,1.1724853515625,2022,1.234130859375,4095,2.4993896484375,3508,2.14111328125,3704,2.2607421875,True,18119,0.283109375,True,1033,0.016140625,True,ads7828_saturation_tgs2600
2026-07-28T11:04:06.463Z,4.0000615769986325,4,4.3681900006049545,0.06157699863251764,3336,2.0361328125,1964,1.19873046875,2040,1.2451171875,4095,2.4993896484375,3538,2.159423828125,3856,2.353515625,True,9353,0.146140625,True,909,0.014203125,True,ads7828_saturation_tgs2600
2026-07-28T11:04:07.463Z,5.000062723998781,5,4.382708000775892,0.06272399878071155,3352,2.0458984375,2000,1.220703125,2044,1.24755859375,4095,2.4993896484375,3556,2.17041015625,3968,2.421875,True,5645,0.08820312500000001,True,834,0.01303125,True,ads7828_saturation_tgs2600
2026-07-28T11:04:08.463Z,6.000065316999098,6,4.5013020007900195,0.06531699909828603,3380,2.06298828125,2052,1.25244140625,2084,1.27197265625,4095,2.4993896484375,3584,2.1875,4080,2.490234375,True,3519,0.054984375,True,782,0.01221875,True,ads7828_saturation_tgs2600
2026-07-28T11:04:09.463Z,7.000064858999394,7,4.531691000011051,0.06485899939434603,3400,2.0751953125,2089,1.2750244140625,2112,1.2890625,4095,2.4993896484375,3616,2.20703125,4095,2.4993896484375,True,2300,0.035937500000000004,True,745,0.011640625,True,ads7828_saturation_tgs2600;ads7828_saturation_tgs2603
2026-07-28T11:04:10.463Z,8.000075011999797,8,4.5916729995951755,0.07501199979742523,3416,2.0849609375,2088,1.2744140625,2092,1.27685546875,4095,2.4993896484375,3648,2.2265625,4095,2.4993896484375,True,1476,0.0230625,True,721,0.011265625,True,ads7828_saturation_tgs2600;ads7828_saturation_tgs2603
2026-07-28T11:04:11.463Z,9.000069871999585,9,4.556672000035178,0.06987199958530255,3424,2.08984375,2068,1.26220703125,2082,1.270751953125,4095,2.4993896484375,3674,2.242431640625,4095,2.4993896484375,True,1120,0.0175,True,691,0.010796875000000001,True,ads7828_saturation_tgs2600;ads7828_saturation_tgs2603
2026-07-28T11:04:12.463Z,10.000075010999353,10,4.593469000610639,0.07501099935325328,3424,2.08984375,2036,1.24267578125,2054,1.253662109375,4095,2.4993896484375,3696,2.255859375,4095,2.4993896484375,True,910,0.01421875,True,673,0.010515625,True,ads7828_saturation_tgs2600;ads7828_saturation_tgs2603
2026-07-28T11:04:13.463Z,11.000067969000156,11,4.548578999674646,0.06796900015615392,3412,2.08251953125,2004,1.22314453125,2032,1.240234375,4095,2.4993896484375,3728,2.275390625,4095,2.4993896484375,True,779,0.012171875,True,657,0.010265625,True,ads7828_saturation_tgs2600;ads7828_saturation_tgs2603
2026-07-28T11:04:14.463Z,12.000063355999373,12,4.521450000538607,0.06335599937301595,3412,2.08251953125,1978,1.207275390625,2032,1.240234375,4095,2.4993896484375,3752,2.2900390625,4095,2.4993896484375,True,681,0.010640625,True,642,0.01003125,True,ads7828_saturation_tgs2600;ads7828_saturation_tgs2603
2026-07-28T11:04:15.463Z,13.00007155899948,13,4.57085800007917,0.07155899947974831,3404,2.07763671875,1958,1.195068359375,2032,1.240234375,4095,2.4993896484375,3776,2.3046875,4095,2.4993896484375,True,630,0.00984375,True,630,0.00984375,True,ads7828_saturation_tgs2600;ads7828_saturation_tgs2603
2026-07-28T11:04:16.463Z,14.000065303000156,14,4.542726999716251,0.06530300015583634,3396,2.07275390625,1940,1.18408203125,2020,1.23291015625,4095,2.4993896484375,3796,2.31689453125,4095,2.4993896484375,True,594,0.00928125,True,620,0.0096875,True,ads7828_saturation_tgs2600;ads7828_saturation_tgs2603
2026-07-28T11:04:17.463Z,15.00006745599967,15,4.542728000160423,0.0674559996696189,3392,2.0703125,1928,1.1767578125,2016,1.23046875,4095,2.4993896484375,3825,2.3345947265625,4095,2.4993896484375,True,571,0.008921875000000001,True,608,0.0095,True,ads7828_saturation_tgs2600;ads7828_saturation_tgs2603
2026-07-28T11:04:18.463Z,16.00006264900003,16,4.507745999944746,0.06264900002861395,3392,2.0703125,1940,1.18408203125,2064,1.259765625,4095,2.4993896484375,3856,2.353515625,4095,2.4993896484375,True,546,0.00853125,True,599,0.009359375,True,ads7828_saturation_tgs2600;ads7828_saturation_tgs2603
2026-07-28T11:04:19.463Z,17.00006451199988,17,4.5392459996946855,0.0645119998807786,3386,2.066650390625,1960,1.1962890625,2160,1.318359375,4095,2.4993896484375,3880,2.3681640625,4095,2.4993896484375,True,530,0.00828125,True,589,0.009203125,True,ads7828_saturation_tgs2600;ads7828_saturation_tgs2603
2026-07-28T11:04:20.463Z,18.000062506998802,18,4.502838000917109,0.06250699880183674,3384,2.0654296875,1984,1.2109375,2244,1.36962890625,4095,2.4993896484375,3896,2.3779296875,4095,2.4993896484375,True,517,0.008078125,True,582,0.00909375,True,ads7828_saturation_tgs2600;ads7828_saturation_tgs2603
2026-07-28T11:04:21.463Z,19.000071263999416,19,4.562764999718638,0.07126399941626005,3384,2.0654296875,2020,1.23291015625,2312,1.4111328125,4095,2.4993896484375,3904,2.3828125,4095,2.4993896484375,True,506,0.00790625,True,577,0.009015625,True,ads7828_saturation_tgs2600;ads7828_saturation_tgs2603
2026-07-28T11:04:22.463Z,20.000076913998782,20,4.610154001056799,0.0769139987824019,3392,2.0703125,2136,1.3037109375,2352,1.435546875,4095,2.4993896484375,3904,2.3828125,4095,2.4993896484375,True,492,0.0076875,True,567,0.008859375000000001,True,ads7828_saturation_tgs2600;ads7828_saturation_tgs2603
2026-07-28T11:04:23.463Z,21.000068343999374,21,4.560856999887619,0.06834399937361013,3396,2.07275390625,2220,1.35498046875,2356,1.43798828125,4095,2.4993896484375,3890,2.374267578125,4095,2.4993896484375,True,480,0.0075,True,562,0.00878125,True,ads7828_saturation_tgs2600;ads7828_saturation_tgs2603
2026-07-28T11:04:24.463Z,22.000067017999754,22,4.542986000160454,0.06701799975417089,3416,2.0849609375,2264,1.3818359375,2332,1.42333984375,4095,2.4993896484375,3876,2.36572265625,4095,2.4993896484375,True,469,0.0073281250000000004,True,556,0.0086875,True,ads7828_saturation_tgs2600;ads7828_saturation_tgs2603
2026-07-28T11:04:25.463Z,23.00006573199971,23,4.508133999479469,0.06573199971171562,3440,2.099609375,2284,1.39404296875,2290,1.397705078125,4095,2.4993896484375,3872,2.36328125,4095,2.4993896484375,True,462,0.00721875,True,552,0.008625,True,ads7828_saturation_tgs2600;ads7828_saturation_tgs2603
2026-07-28T11:04:26.463Z,24.000063412999225,24,4.521486000157893,0.06341299922496546,3464,2.1142578125,2268,1.38427734375,2244,1.36962890625,4095,2.4993896484375,3866,2.359619140625,4095,2.4993896484375,True,455,0.007109375,True,549,0.008578125,True,ads7828_saturation_tgs2600;ads7828_saturation_tgs2603
2026-07-28T11:04:27.463Z,25.000076300999353,25,4.60496800042165,0.07630099935340695,3484,2.12646484375,2232,1.3623046875,2214,1.351318359375,4095,2.4993896484375,3872,2.36328125,4095,2.4993896484375,True,450,0.00703125,True,543,0.008484375,True,ads7828_saturation_tgs2600;ads7828_saturation_tgs2603
2026-07-28T11:04:28.463Z,26.00006493299952,26,4.548560000330326,0.06493299952126108,3492,2.13134765625,2192,1.337890625,2182,1.331787109375,4095,2.4993896484375,3872,2.36328125,4095,2.4993896484375,True,449,0.007015625,True,534,0.00834375,True,ads7828_saturation_tgs2600;ads7828_saturation_tgs2603
2026-07-28T11:04:29.463Z,27.000066160999268,27,4.542022999885376,0.06616099926759489,3496,2.1337890625,2150,1.312255859375,2149,1.3116455078125,4095,2.4993896484375,3872,2.36328125,4095,2.4993896484375,True,445,0.006953125,True,531,0.008296875,True,ads7828_saturation_tgs2600;ads7828_saturation_tgs2603
2026-07-28T11:04:30.463Z,28.00006842699986,28,4.555319999781204,0.06842699986009393,3504,2.138671875,2112,1.2890625,2146,1.309814453125,4095,2.4993896484375,3872,2.36328125,4095,2.4993896484375,True,442,0.00690625,True,526,0.00821875,True,ads7828_saturation_tgs2600;ads7828_saturation_tgs2603
2026-07-28T11:04:31.463Z,29.00006767999912,29,4.54663399978017,0.06767999911971856,3504,2.138671875,2085,1.2725830078125,2188,1.33544921875,4095,2.4993896484375,3874,2.364501953125,4095,2.4993896484375,True,438,0.00684375,True,521,0.008140625,True,ads7828_saturation_tgs2600;ads7828_saturation_tgs2603
2026-07-28T11:04:32.463Z,30.000065935999373,30,4.552930000500055,0.06593599937332328,3504,2.138671875,2072,1.2646484375,2212,1.35009765625,4095,2.4993896484375,3884,2.37060546875,4095,2.4993896484375,True,436,0.0068125,True,514,0.00803125,True,ads7828_saturation_tgs2600;ads7828_saturation_tgs2603
2026-07-28T11:04:33.463Z,31.000073600998803,31,4.585819000567426,0.07360099880315829,3498,2.135009765625,2069,1.2628173828125,2204,1.34521484375,4095,2.4993896484375,3892,2.37548828125,4095,2.4993896484375,True,432,0.00675,True,510,0.00796875,True,ads7828_saturation_tgs2600;ads7828_saturation_tgs2603
2026-07-28T11:04:34.463Z,32.00007108600039,32,4.5818749986210605,0.07108600038918667,3496,2.1337890625,2082,1.270751953125,2180,1.33056640625,4095,2.4993896484375,3896,2.3779296875,4095,2.4993896484375,True,427,0.006671875,True,505,0.007890625,True,ads7828_saturation_tgs2600;ads7828_saturation_tgs2603
2026-07-28T11:04:35.463Z,33.000068479999754,33,4.548319000605261,0.06847999975434504,3492,2.13134765625,2090,1.275634765625,2136,1.3037109375,4095,2.4993896484375,3896,2.3779296875,4095,2.4993896484375,True,425,0.006640625,True,501,0.007828125,True,ads7828_saturation_tgs2600;ads7828_saturation_tgs2603
2026-07-28T11:04:36.463Z,34.0000750449999,34,4.585393000525073,0.07504499990318436,3492,2.13134765625,2080,1.26953125,2106,1.285400390625,4095,2.4993896484375,3904,2.3828125,4095,2.4993896484375,True,420,0.0065625,True,497,0.007765625,True,ads7828_saturation_tgs2600;ads7828_saturation_tgs2603
2026-07-28T11:04:37.463Z,35.00006866900003,35,4.5566890003101435,0.06866900002933107,3488,2.12890625,2054,1.253662109375,2112,1.2890625,4095,2.4993896484375,3912,2.3876953125,4095,2.4993896484375,True,418,0.00653125,True,492,0.0076875,True,ads7828_saturation_tgs2600;ads7828_saturation_tgs2603
2026-07-28T11:04:38.463Z,36.00006655600009,36,4.513169998972444,0.06655600009253249,3488,2.12890625,2040,1.2451171875,2120,1.2939453125,4095,2.4993896484375,3920,2.392578125,4095,2.4993896484375,True,417,0.006515625,True,488,0.007625,True,ads7828_saturation_tgs2600;ads7828_saturation_tgs2603
2026-07-28T11:04:39.463Z,37.0000720199987,37,4.564096001558937,0.07201999869721476,3480,2.1240234375,2016,1.23046875,2086,1.273193359375,4095,2.4993896484375,3920,2.392578125,4095,2.4993896484375,True,415,0.0064843750000000006,True,484,0.0075625,True,ads7828_saturation_tgs2600;ads7828_saturation_tgs2603
2026-07-28T11:04:40.463Z,38.0000648009991,38,4.504745000303956,0.06480099909822457,3466,2.115478515625,1984,1.2109375,2052,1.25244140625,4095,2.4993896484375,3912,2.3876953125,4095,2.4993896484375,True,414,0.0064687500000000005,True,481,0.007515625,True,ads7828_saturation_tgs2600;ads7828_saturation_tgs2603
2026-07-28T11:04:41.463Z,39.000069511999754,39,4.558041000564117,0.06951199975446798,3460,2.11181640625,1964,1.19873046875,2041,1.2457275390625,4095,2.4993896484375,3912,2.3876953125,4095,2.4993896484375,True,409,0.0063906250000000005,True,479,0.007484375000000001,True,ads7828_saturation_tgs2600;ads7828_saturation_tgs2603
2026-07-28T11:04:42.463Z,40.00007396699948,40,4.583763000482577,0.07396699948003516,3456,2.109375,1984,1.2109375,2080,1.26953125,4095,2.4993896484375,3904,2.3828125,4095,2.4993896484375,True,408,0.0063750000000000005,True,476,0.0074375000000000005,True,ads7828_saturation_tgs2600;ads7828_saturation_tgs2603
2026-07-28T11:04:43.463Z,41.00006690800001,41,4.556558998956461,0.06690800000797026,3444,2.10205078125,2056,1.2548828125,2098,1.280517578125,4095,2.4993896484375,3904,2.3828125,4095,2.4993896484375,True,404,0.0063125,True,470,0.0073437500000000005,True,ads7828_saturation_tgs2600;ads7828_saturation_tgs2603
2026-07-28T11:04:44.463Z,42.00007305500003,42,4.5928740000817925,0.07305500002985355,3440,2.099609375,2116,1.29150390625,2122,1.295166015625,4095,2.4993896484375,3892,2.37548828125,4095,2.4993896484375,True,404,0.0063125,True,465,0.007265625,True,ads7828_saturation_tgs2600;ads7828_saturation_tgs2603
2026-07-28T11:04:45.463Z,43.00007153899969,43,4.573170999719878,0.07153899969125632,3432,2.0947265625,2160,1.318359375,2172,1.32568359375,4095,2.4993896484375,3888,2.373046875,4095,2.4993896484375,True,402,0.00628125,True,462,0.00721875,True,ads7828_saturation_tgs2600;ads7828_saturation_tgs2603
2026-07-28T11:04:46.463Z,44.00006773200039,44,4.528039999058819,0.06773200038878713,3436,2.09716796875,2172,1.32568359375,2192,1.337890625,4095,2.4993896484375,3888,2.373046875,4095,2.4993896484375,True,400,0.00625,True,457,0.007140625,True,ads7828_saturation_tgs2600;ads7828_saturation_tgs2603
2026-07-28T11:04:47.463Z,45.000066966000304,45,4.547113998341956,0.06696600030409172,3440,2.099609375,2172,1.32568359375,2216,1.3525390625,4095,2.4993896484375,3890,2.374267578125,4095,2.4993896484375,True,398,0.00621875,True,452,0.0070625,True,ads7828_saturation_tgs2600;ads7828_saturation_tgs2603
2026-07-28T11:04:48.463Z,46.00006673899952,46,4.507835999902454,0.06673899952147622,3440,2.099609375,2194,1.339111328125,2278,1.390380859375,4095,2.4993896484375,3904,2.3828125,4095,2.4993896484375,True,399,0.006234375,True,448,0.007,True,ads7828_saturation_tgs2600;ads7828_saturation_tgs2603
2026-07-28T11:04:49.463Z,47.00006547999874,47,4.51804000113043,0.06547999873873778,3456,2.109375,2220,1.35498046875,2344,1.4306640625,4095,2.4993896484375,3920,2.392578125,4095,2.4993896484375,True,395,0.006171875,True,444,0.0069375,True,ads7828_saturation_tgs2600;ads7828_saturation_tgs2603
2026-07-28T11:04:50.463Z,48.000063224999394,48,4.50539099983871,0.06322499939415138,3460,2.11181640625,2225,1.3580322265625,2392,1.4599609375,4095,2.4993896484375,3936,2.40234375,4095,2.4993896484375,True,394,0.00615625,True,440,0.006875,True,ads7828_saturation_tgs2600;ads7828_saturation_tgs2603
2026-07-28T11:04:51.463Z,49.00007204599933,49,4.55265100026736,0.07204599933174904,3464,2.1142578125,2212,1.35009765625,2380,1.45263671875,4095,2.4993896484375,3936,2.40234375,4095,2.4993896484375,True,398,0.00621875,True,435,0.006796875,True,ads7828_saturation_tgs2600;ads7828_saturation_tgs2603
2026-07-28T11:04:52.463Z,50.00007053799891,50,4.5632440014742315,0.07053799890854862,3468,2.11669921875,2194,1.339111328125,2336,1.42578125,4095,2.4993896484375,3938,2.403564453125,4095,2.4993896484375,True,403,0.006296875,True,430,0.00671875,True,ads7828_saturation_tgs2600;ads7828_saturation_tgs2603
2026-07-28T11:04:53.463Z,51.00006775499969,51,4.6479669999826,0.06775499969080556,3482,2.125244140625,2216,1.3525390625,2312,1.4111328125,4095,2.4993896484375,3940,2.40478515625,4095,2.4993896484375,True,408,0.0063750000000000005,True,427,0.006671875,True,ads7828_saturation_tgs2600;ads7828_saturation_tgs2603
2026-07-28T11:04:54.463Z,52.00006407000001,52,4.530836000412819,0.06407000000763219,3496,2.1337890625,2288,1.396484375,2312,1.4111328125,4095,2.4993896484375,3936,2.40234375,4095,2.4993896484375,True,412,0.0064375000000000005,True,426,0.00665625,True,ads7828_saturation_tgs2600;ads7828_saturation_tgs2603
2026-07-28T11:04:55.463Z,53.00006837000001,53,4.525780999756535,0.06837000000814442,3508,2.14111328125,2304,1.40625,2272,1.38671875,4095,2.4993896484375,3920,2.392578125,4095,2.4993896484375,True,412,0.0064375000000000005,True,423,0.006609375,True,ads7828_saturation_tgs2600;ads7828_saturation_tgs2603
2026-07-28T11:04:56.463Z,54.00007652699969,54,4.599002999384538,0.0765269996918505,3520,2.1484375,2288,1.396484375,2226,1.358642578125,4095,2.4993896484375,3904,2.3828125,4095,2.4993896484375,True,407,0.0063593750000000004,True,419,0.006546875,True,ads7828_saturation_tgs2600;ads7828_saturation_tgs2603
2026-07-28T11:04:57.463Z,55.00007720499889,55,4.771820000314619,0.07720499888819177,3536,2.158203125,2248,1.3720703125,2188,1.33544921875,4095,2.4993896484375,3888,2.373046875,4095,2.4993896484375,True,401,0.006265625,True,422,0.00659375,True,ads7828_saturation_tgs2600;ads7828_saturation_tgs2603
2026-07-28T11:04:58.463Z,56.000066017999416,56,4.525075999481487,0.06601799941563513,3540,2.16064453125,2224,1.357421875,2193,1.3385009765625,4095,2.4993896484375,3872,2.36328125,4095,2.4993896484375,True,395,0.006171875,True,426,0.00665625,True,ads7828_saturation_tgs2600;ads7828_saturation_tgs2603
2026-07-28T11:04:59.463Z,57.0000655570002,57,4.547464999632211,0.06555700019816868,3552,2.16796875,2228,1.35986328125,2176,1.328125,4095,2.4993896484375,3856,2.353515625,4095,2.4993896484375,True,389,0.006078125,True,432,0.00675,True,ads7828_saturation_tgs2600;ads7828_saturation_tgs2603
2026-07-28T11:05:00.463Z,58.00006415399912,58,4.5082249998813495,0.06415399911929853,3560,2.1728515625,2256,1.376953125,2176,1.328125,4095,2.4993896484375,3840,2.34375,4095,2.4993896484375,True,372,0.0058125,True,437,0.006828125,True,ads7828_saturation_tgs2600;ads7828_saturation_tgs2603
2026-07-28T11:05:01.464Z,59.000366832999134,59,4.9102650009444915,0.3668329991342034,3584,2.1875,2272,1.38671875,2162,1.319580078125,4095,2.4993896484375,3840,2.34375,4095,2.4993896484375,True,368,0.00575,True,440,0.006875,True,ads7828_saturation_tgs2600;ads7828_saturation_tgs2603
2026-07-28T11:05:02.463Z,60.0000748629991,60,4.646392000722699,0.07486299909942318,3600,2.197265625,2268,1.38427734375,2128,1.298828125,4095,2.4993896484375,3824,2.333984375,4095,2.4993896484375,True,368,0.00575,True,441,0.006890625,True,ads7828_saturation_tgs2600;ads7828_saturation_tgs2603
2026-07-28T11:05:03.463Z,61.00007286099935,61,4.646670000511222,0.07286099935299717,3616,2.20703125,2240,1.3671875,2108,1.28662109375,4095,2.4993896484375,3812,2.32666015625,4095,2.4993896484375,True,371,0.005796875,True,441,0.006890625,True,ads7828_saturation_tgs2600;ads7828_saturation_tgs2603
2026-07-28T11:05:04.463Z,62.00006858699999,62,4.667559000154142,0.06858699998701923,3632,2.216796875,2220,1.35498046875,2104,1.2841796875,4095,2.4993896484375,3820,2.33154296875,4095,2.4993896484375,True,370,0.00578125,True,440,0.006875,True,ads7828_saturation_tgs2600;ads7828_saturation_tgs2603
2026-07-28T11:05:05.463Z,63.000069020999945,63,4.7435220003535505,0.06902099994476885,3648,2.2265625,2208,1.34765625,2108,1.28662109375,4095,2.4993896484375,3812,2.32666015625,4095,2.4993896484375,True,370,0.00578125,True,440,0.006875,True,ads7828_saturation_tgs2600;ads7828_saturation_tgs2603
2026-07-28T11:05:06.463Z,64.00007204999929,64,4.595465999955195,0.07204999928944744,3664,2.236328125,2208,1.34765625,2104,1.2841796875,4095,2.4993896484375,3801,2.3199462890625,4095,2.4993896484375,True,370,0.00578125,True,437,0.006828125,True,ads7828_saturation_tgs2600;ads7828_saturation_tgs2603
2026-07-28T11:05:07.463Z,65.000069325999,65,4.629021001164801,0.0693259989930084,3668,2.23876953125,2196,1.34033203125,2090,1.275634765625,4095,2.4993896484375,3794,2.315673828125,4095,2.4993896484375,True,368,0.00575,True,434,0.00678125,True,ads7828_saturation_tgs2600;ads7828_saturation_tgs2603
2026-07-28T11:05:08.463Z,66.00006658699931,66,4.532725000899518,0.06658699930994771,3680,2.24609375,2180,1.33056640625,2100,1.28173828125,4095,2.4993896484375,3780,2.30712890625,4095,2.4993896484375,True,365,0.005703125,True,430,0.00671875,True,ads7828_saturation_tgs2600;ads7828_saturation_tgs2603
2026-07-28T11:05:09.463Z,67.00007577799988,67,4.567501999190426,0.07577799988212064,3680,2.24609375,2168,1.3232421875,2101,1.2823486328125,4095,2.4993896484375,3776,2.3046875,4095,2.4993896484375,True,367,0.005734375,True,427,0.006671875,True,ads7828_saturation_tgs2600;ads7828_saturation_tgs2603
2026-07-28T11:05:10.463Z,68.00006819599912,68,4.544317000181763,0.06819599911978003,3688,2.2509765625,2176,1.328125,2088,1.2744140625,4095,2.4993896484375,3760,2.294921875,4095,2.4993896484375,True,367,0.005734375,True,423,0.006609375,True,ads7828_saturation_tgs2600;ads7828_saturation_tgs2603
2026-07-28T11:05:11.463Z,69.00007078499948,69,4.571113000565674,0.07078499947965611,3696,2.255859375,2185,1.3336181640625,2052,1.25244140625,4095,2.4993896484375,3752,2.2900390625,4095,2.4993896484375,True,367,0.005734375,True,419,0.006546875,True,ads7828_saturation_tgs2600;ads7828_saturation_tgs2603
2026-07-28T11:05:12.463Z,70.0000734339992,70,4.611984000803204,0.07343399920500815,3712,2.265625,2192,1.337890625,2032,1.240234375,4095,2.4993896484375,3736,2.2802734375,4095,2.4993896484375,True,365,0.005703125,True,416,0.006500000000000001,True,ads7828_saturation_tgs2600;ads7828_saturation_tgs2603
2026-07-28T11:05:13.463Z,71.00007295799878,71,4.58411300132866,0.07295799878193066,3712,2.265625,2200,1.3427734375,2020,1.23291015625,4095,2.4993896484375,3720,2.2705078125,4092,2.49755859375,True,365,0.005703125,True,412,0.0064375000000000005,True,ads7828_saturation_tgs2600
2026-07-28T11:05:14.463Z,72.00006620800013,72,4.557835000014165,0.06620800013479311,3712,2.265625,2182,1.331787109375,2026,1.236572265625,4095,2.4993896484375,3712,2.265625,4056,2.4755859375,True,368,0.00575,True,407,0.0063593750000000004,True,ads7828_saturation_tgs2600
2026-07-28T11:05:15.463Z,73.00007129599908,73,4.582335001032334,0.07129599907784723,3696,2.255859375,2156,1.31591796875,2068,1.26220703125,4095,2.4993896484375,3712,2.265625,4024,2.4560546875,True,369,0.005765625,True,399,0.006234375,True,ads7828_saturation_tgs2600
2026-07-28T11:05:16.463Z,74.00006699999904,74,4.5463530004781205,0.0669999990350334,3696,2.255859375,2128,1.298828125,2060,1.25732421875,4095,2.4993896484375,3712,2.265625,4002,2.442626953125,True,372,0.0058125,True,395,0.006171875,True,ads7828_saturation_tgs2600
2026-07-28T11:05:17.463Z,75.00006539399874,75,4.549853001662996,0.06539399873872753,3684,2.24853515625,2100,1.28173828125,2032,1.240234375,4095,2.4993896484375,3712,2.265625,3976,2.4267578125,True,372,0.0058125,True,389,0.006078125,True,ads7828_saturation_tgs2600
2026-07-28T11:05:18.463Z,76.00006338399908,76,4.52826000037021,0.06338399907690473,3680,2.24609375,2074,1.265869140625,2004,1.22314453125,4095,2.4993896484375,3712,2.265625,3984,2.431640625,True,374,0.00584375,True,383,0.005984375,True,ads7828_saturation_tgs2600
2026-07-28T11:05:19.463Z,77.00006745300016,77,4.543278999335598,0.06745300015609246,3668,2.23876953125,2048,1.25,1976,1.2060546875,4095,2.4993896484375,3712,2.265625,4000,2.44140625,True,377,0.005890625,True,379,0.005921875,True,ads7828_saturation_tgs2600
2026-07-28T11:05:20.463Z,78.00006208299965,78,4.528760000539478,0.06208299964782782,3652,2.22900390625,2017,1.2310791015625,1954,1.192626953125,4095,2.4993896484375,3712,2.265625,4048,2.470703125,True,373,0.005828125,True,374,0.00584375,True,ads7828_saturation_tgs2600
2026-07-28T11:05:21.463Z,79.00007443899995,79,4.60642799953348,0.07443899994541425,3648,2.2265625,1996,1.21826171875,1936,1.181640625,4095,2.4993896484375,3716,2.26806640625,4095,2.4993896484375,True,370,0.00578125,True,371,0.005796875,True,ads7828_saturation_tgs2600;ads7828_saturation_tgs2603
2026-07-28T11:05:22.463Z,80.0000768179998,80,4.623761000402737,0.07681799979764037,3632,2.216796875,1984,1.2109375,1946,1.187744140625,4095,2.4993896484375,3724,2.27294921875,4095,2.4993896484375,True,367,0.005734375,True,371,0.005796875,True,ads7828_saturation_tgs2600;ads7828_saturation_tgs2603
2026-07-28T11:05:23.463Z,81.00007136800014,81,4.580556998917018,0.07136800013540778,3624,2.2119140625,1988,1.21337890625,2000,1.220703125,4095,2.4993896484375,3732,2.27783203125,4095,2.4993896484375,True,362,0.00565625,True,367,0.005734375,True,ads7828_saturation_tgs2600;ads7828_saturation_tgs2603
2026-07-28T11:05:24.463Z,82.00007234899931,82,4.554446000838652,0.0723489993106341,3616,2.20703125,2000,1.220703125,2060,1.25732421875,4095,2.4993896484375,3736,2.2802734375,4095,2.4993896484375,True,357,0.005578125,True,366,0.00571875,True,ads7828_saturation_tgs2600;ads7828_saturation_tgs2603
2026-07-28T11:05:25.463Z,83.00007779800035,83,4.5417049987008795,0.07779800034768414,3608,2.2021484375,2016,1.23046875,2080,1.26953125,4095,2.4993896484375,3736,2.2802734375,4095,2.4993896484375,True,353,0.005515625,True,361,0.005640625,True,ads7828_saturation_tgs2600;ads7828_saturation_tgs2603
2026-07-28T11:05:26.463Z,84.00007962299969,84,4.624556999260676,0.07962299969221931,3600,2.197265625,2016,1.23046875,2056,1.2548828125,4095,2.4993896484375,3732,2.27783203125,4095,2.4993896484375,True,352,0.0055,True,358,0.00559375,True,ads7828_saturation_tgs2600;ads7828_saturation_tgs2603
2026-07-28T11:05:27.463Z,85.00008124799933,85,4.612982000253396,0.08124799933284521,3594,2.193603515625,2002,1.221923828125,2024,1.2353515625,4095,2.4993896484375,3728,2.275390625,4095,2.4993896484375,True,354,0.00553125,True,355,0.005546875,True,ads7828_saturation_tgs2600;ads7828_saturation_tgs2603
2026-07-28T11:05:28.463Z,86.00007237799946,86,4.594353000356932,0.07237799945869483,3584,2.1875,1980,1.20849609375,2000,1.220703125,4095,2.4993896484375,3728,2.275390625,4095,2.4993896484375,True,352,0.0055,True,353,0.005515625,True,ads7828_saturation_tgs2600;ads7828_saturation_tgs2603
2026-07-28T11:05:29.463Z,87.000075345999,87,4.561390000162646,0.07534599899372552,3562,2.174072265625,1956,1.19384765625,1976,1.2060546875,4095,2.4993896484375,3728,2.275390625,4095,2.4993896484375,True,350,0.0054687500000000005,True,353,0.005515625,True,ads7828_saturation_tgs2600;ads7828_saturation_tgs2603
2026-07-28T11:05:30.463Z,88.00006931999997,88,4.538129998763907,0.0693199999659555,3552,2.16796875,1944,1.1865234375,1948,1.18896484375,4095,2.4993896484375,3720,2.2705078125,4095,2.4993896484375,True,350,0.0054687500000000005,True,350,0.0054687500000000005,True,ads7828_saturation_tgs2600;ads7828_saturation_tgs2603
2026-07-28T11:05:31.463Z,89.00006987199959,89,4.550055999061442,0.06987199958530255,3544,2.1630859375,1969,1.2017822265625,1946,1.187744140625,4095,2.4993896484375,3712,2.265625,4095,2.4993896484375,True,352,0.0055,True,345,0.0053906250000000005,True,ads7828_saturation_tgs2600;ads7828_saturation_tgs2603
2026-07-28T11:05:32.463Z,90.00007315199946,90,4.5752969999739435,0.07315199945878703,3544,2.1630859375,1997,1.2188720703125,1942,1.185302734375,4095,2.4993896484375,3712,2.265625,4095,2.4993896484375,True,356,0.0055625,True,342,0.00534375,True,ads7828_saturation_tgs2600;ads7828_saturation_tgs2603
2026-07-28T11:05:33.463Z,91.0000755660003,91,4.57598199864151,0.07556600030511618,3552,2.16796875,1994,1.217041015625,1952,1.19140625,4095,2.4993896484375,3720,2.2705078125,4095,2.4993896484375,True,361,0.005640625,True,341,0.005328125,True,ads7828_saturation_tgs2600;ads7828_saturation_tgs2603
2026-07-28T11:05:34.463Z,92.00006698499965,92,4.4958880007470725,0.06698499964841176,3552,2.16796875,1994,1.217041015625,1948,1.18896484375,4095,2.4993896484375,3730,2.276611328125,4095,2.4993896484375,True,366,0.00571875,True,336,0.00525,True,ads7828_saturation_tgs2600;ads7828_saturation_tgs2603
2026-07-28T11:05:35.463Z,93.00006746399959,93,4.556555999442935,0.0674639995850157,3552,2.16796875,2000,1.220703125,1944,1.1865234375,4095,2.4993896484375,3732,2.27783203125,4095,2.4993896484375,True,371,0.005796875,True,334,0.00521875,True,ads7828_saturation_tgs2600;ads7828_saturation_tgs2603
2026-07-28T11:05:36.463Z,94.00006813300024,94,4.537482000159798,0.06813300024077762,3548,2.16552734375,2000,1.220703125,1976,1.2060546875,4095,2.4993896484375,3736,2.2802734375,4095,2.4993896484375,True,375,0.005859375,True,331,0.005171875,True,ads7828_saturation_tgs2600;ads7828_saturation_tgs2603
2026-07-28T11:05:37.463Z,95.00006665999899,95,4.524611000306322,0.06665999899269082,3544,2.1630859375,2008,1.2255859375,1992,1.2158203125,4095,2.4993896484375,3744,2.28515625,4095,2.4993896484375,True,373,0.005828125,True,333,0.005203125,True,ads7828_saturation_tgs2600;ads7828_saturation_tgs2603
2026-07-28T11:05:38.463Z,96.00006600599954,96,4.534277999482583,0.06600599954253994,3552,2.16796875,2044,1.24755859375,2008,1.2255859375,4095,2.4993896484375,3744,2.28515625,4095,2.4993896484375,True,366,0.00571875,True,333,0.005203125,True,ads7828_saturation_tgs2600;ads7828_saturation_tgs2603
2026-07-28T11:05:39.463Z,97.00007570999878,97,4.6289450001495425,0.07570999878225848,3556,2.17041015625,2036,1.24267578125,1988,1.21337890625,4095,2.4993896484375,3732,2.27783203125,4095,2.4993896484375,True,362,0.00565625,True,334,0.00521875,True,ads7828_saturation_tgs2600;ads7828_saturation_tgs2603
2026-07-28T11:05:40.463Z,98.00006934399971,98,4.563222999422578,0.06934399971214589,3552,2.16796875,2016,1.23046875,1960,1.1962890625,4095,2.4993896484375,3720,2.2705078125,4095,2.4993896484375,True,366,0.00571875,True,338,0.00528125,True,ads7828_saturation_tgs2600;ads7828_saturation_tgs2603
2026-07-28T11:05:41.463Z,99.00006716899952,99,4.550888999801828,0.06716899952152744,3544,2.1630859375,1988,1.21337890625,1930,1.177978515625,4095,2.4993896484375,3712,2.265625,4095,2.4993896484375,True,365,0.005703125,True,341,0.005328125,True,ads7828_saturation_tgs2600;ads7828_saturation_tgs2603
2026-07-28T11:05:42.463Z,100.00007672100037,100,4.615851999915321,0.07672100036870688,3544,2.1630859375,1976,1.2060546875,1912,1.1669921875,4095,2.4993896484375,3712,2.265625,4095,2.4993896484375,True,358,0.00559375,True,345,0.0053906250000000005,True,ads7828_saturation_tgs2600;ads7828_saturation_tgs2603
2026-07-28T11:05:43.463Z,101.00007322300007,101,4.584443999192445,0.07322300007217564,3536,2.158203125,1964,1.19873046875,1898,1.158447265625,4095,2.4993896484375,3704,2.2607421875,4095,2.4993896484375,True,348,0.0054375000000000005,True,351,0.0054843750000000005,True,ads7828_saturation_tgs2600;ads7828_saturation_tgs2603
2026-07-28T11:05:44.463Z,102.00007065600039,102,4.561351999655017,0.07065600038913544,3536,2.158203125,1974,1.204833984375,1905,1.1627197265625,4095,2.4993896484375,3700,2.25830078125,4095,2.4993896484375,True,346,0.0054062500000000005,True,351,0.0054843750000000005,True,ads7828_saturation_tgs2600;ads7828_saturation_tgs2603
2026-07-28T11:05:45.463Z,103.00007557499885,103,4.582797000693972,0.07557499884569552,3544,2.1630859375,2028,1.23779296875,1940,1.18408203125,4095,2.4993896484375,3696,2.255859375,4095,2.4993896484375,True,346,0.0054062500000000005,True,354,0.00553125,True,ads7828_saturation_tgs2600;ads7828_saturation_tgs2603
2026-07-28T11:05:46.463Z,104.00007520299914,104,4.5804820001649205,0.07520299914176576,3556,2.17041015625,2082,1.270751953125,1976,1.2060546875,4095,2.4993896484375,3684,2.24853515625,4095,2.4993896484375,True,344,0.0053750000000000004,True,355,0.005546875,True,ads7828_saturation_tgs2600;ads7828_saturation_tgs2603
2026-07-28T11:05:47.463Z,105.0000696520001,105,4.558832999464357,0.06965200009290129,3584,2.1875,2113,1.2896728515625,2008,1.2255859375,4095,2.4993896484375,3672,2.2412109375,4095,2.4993896484375,True,346,0.0054062500000000005,True,354,0.00553125,True,ads7828_saturation_tgs2600;ads7828_saturation_tgs2603
2026-07-28T11:05:48.463Z,106.00006756899893,106,4.545314001006773,0.06756899892934598,3600,2.197265625,2120,1.2939453125,2016,1.23046875,4095,2.4993896484375,3664,2.236328125,4095,2.4993896484375,True,348,0.0054375000000000005,True,353,0.005515625,True,ads7828_saturation_tgs2600;ads7828_saturation_tgs2603
2026-07-28T11:05:49.463Z,107.00007162099973,107,4.554295999696478,0.07162099973356817,3620,2.20947265625,2112,1.2890625,2004,1.22314453125,4095,2.4993896484375,3656,2.2314453125,4095,2.4993896484375,True,345,0.0053906250000000005,True,352,0.0055,True,ads7828_saturation_tgs2600;ads7828_saturation_tgs2603
2026-07-28T11:05:50.463Z,108.00006780799959,108,4.525721000391059,0.06780799958505668,3640,2.2216796875,2104,1.2841796875,1984,1.2109375,4095,2.4993896484375,3658,2.232666015625,4095,2.4993896484375,True,347,0.0054218750000000005,True,350,0.0054687500000000005,True,ads7828_saturation_tgs2600;ads7828_saturation_tgs2603
2026-07-28T11:05:51.463Z,109.00008044499918,109,4.616629999873112,0.08044499918469228,3652,2.22900390625,2112,1.2890625,1976,1.2060546875,4095,2.4993896484375,3656,2.2314453125,4088,2.4951171875,True,345,0.0053906250000000005,True,351,0.0054843750000000005,True,ads7828_saturation_tgs2600
2026-07-28T11:05:52.463Z,110.00007393899978,110,4.584313999657752,0.07393899977614637,3664,2.236328125,2120,1.2939453125,1992,1.2158203125,4095,2.4993896484375,3656,2.2314453125,4074,2.486572265625,True,341,0.005328125,True,352,0.0055,True,ads7828_saturation_tgs2600
2026-07-28T11:05:53.463Z,111.00007097599882,111,4.567073001453537,0.07097599882399663,3668,2.23876953125,2144,1.30859375,2018,1.231689453125,4095,2.4993896484375,3656,2.2314453125,4064,2.48046875,True,339,0.005296875,True,352,0.0055,True,ads7828_saturation_tgs2600
2026-07-28T11:05:54.463Z,112.00006673999997,112,4.535259000476799,0.06673999996564817,3684,2.24853515625,2162,1.319580078125,2032,1.240234375,4095,2.4993896484375,3660,2.23388671875,4048,2.470703125,True,338,0.00528125,True,353,0.005515625,True,ads7828_saturation_tgs2600
2026-07-28T11:05:55.463Z,113.00006445500003,113,4.544665998764685,0.06445500002882909,3704,2.2607421875,2176,1.328125,2048,1.25,4095,2.4993896484375,3664,2.236328125,4040,2.4658203125,True,340,0.0053125,True,351,0.0054843750000000005,True,ads7828_saturation_tgs2600
2026-07-28T11:05:56.463Z,114.00006647199916,114,4.511220000495086,0.06647199916187674,3712,2.265625,2152,1.3134765625,2029,1.2384033203125,4095,2.4993896484375,3664,2.236328125,4032,2.4609375,True,339,0.005296875,True,349,0.0054531250000000005,True,ads7828_saturation_tgs2600
2026-07-28T11:05:57.463Z,115.00007665999874,115,4.601351000019349,0.07665999874006957,3716,2.26806640625,2122,1.295166015625,2008,1.2255859375,4095,2.4993896484375,3668,2.23876953125,4016,2.451171875,True,339,0.005296875,True,345,0.0053906250000000005,True,ads7828_saturation_tgs2600
2026-07-28T11:05:58.463Z,116.00006805799967,116,4.549629000393907,0.06805799966969062,3698,2.257080078125,2137,1.3043212890625,2008,1.2255859375,4095,2.4993896484375,3656,2.2314453125,3992,2.4365234375,True,343,0.005359375,True,383,0.005984375,True,ads7828_saturation_tgs2600
2026-07-28T11:05:59.463Z,117.00006829499944,117,4.549053999653552,0.06829499943705741,3704,2.2607421875,2192,1.337890625,2012,1.22802734375,4095,2.4993896484375,3656,2.2314453125,3972,2.42431640625,True,329,0.005140625,True,328,0.005125,True,ads7828_saturation_tgs2600
2026-07-28T11:06:00.463Z,118.00006237100024,118,4.532035998636275,0.062371000240091234,3716,2.26806640625,2176,1.328125,1992,1.2158203125,4095,2.4993896484375,3656,2.2314453125,3956,2.41455078125,True,331,0.005171875,True,325,0.005078125,True,ads7828_saturation_tgs2600
2026-07-28T11:06:01.463Z,119.00006586000018,119,4.541035999864107,0.06586000017705373,3732,2.27783203125,2136,1.3037109375,1968,1.201171875,4095,2.4993896484375,3650,2.227783203125,3936,2.40234375,True,332,0.0051875,True,322,0.00503125,True,ads7828_saturation_tgs2600
2026-07-28T11:06:02.463Z,120.00006750200009,120,4.569331998936832,0.06750200009264518,3744,2.28515625,2112,1.2890625,1952,1.19140625,4095,2.4993896484375,3648,2.2265625,3904,2.3828125,True,334,0.00521875,True,321,0.005015625,True,ads7828_saturation_tgs2600
2026-07-28T11:06:03.463Z,121.00007478000043,121,4.5899989981990075,0.07478000043192878,3752,2.2900390625,2096,1.279296875,1946,1.187744140625,4095,2.4993896484375,3648,2.2265625,3896,2.3779296875,True,333,0.005203125,True,319,0.004984375,True,ads7828_saturation_tgs2600
2026-07-28T11:06:04.463Z,122.00006545299948,122,4.544073000943172,0.06545299947902095,3760,2.294921875,2088,1.2744140625,1946,1.187744140625,4095,2.4993896484375,3640,2.2216796875,3880,2.3681640625,True,335,0.005234375,True,317,0.004953125,True,ads7828_saturation_tgs2600
2026-07-28T11:06:05.463Z,123.00006665000001,123,4.53831300001184,0.06665000000793952,3760,2.294921875,2088,1.2744140625,1946,1.187744140625,4095,2.4993896484375,3636,2.21923828125,3860,2.35595703125,True,338,0.00528125,True,316,0.0049375,True,ads7828_saturation_tgs2600
2026-07-28T11:06:06.463Z,124.00006503799887,124,4.531720000159112,0.06503799886559136,3760,2.294921875,2080,1.26953125,1940,1.18408203125,4095,2.4993896484375,3632,2.216796875,3840,2.34375,True,337,0.005265625,True,314,0.00490625,True,ads7828_saturation_tgs2600
2026-07-28T11:06:07.463Z,125.00006735699935,125,4.535739000857575,0.06735699935234152,3752,2.2900390625,2064,1.259765625,1928,1.1767578125,4095,2.4993896484375,3616,2.20703125,3808,2.32421875,True,335,0.005234375,True,309,0.004828125,True,ads7828_saturation_tgs2600
2026-07-28T11:06:08.463Z,126.00006538699927,126,4.5222009994176915,0.06538699926750269,3744,2.28515625,2056,1.2548828125,1936,1.181640625,4095,2.4993896484375,3610,2.203369140625,3776,2.3046875,True,334,0.00521875,True,305,0.004765625,True,ads7828_saturation_tgs2600
2026-07-28T11:06:09.463Z,127.00007501499931,127,4.584165000778739,0.07501499931095168,3728,2.275390625,2044,1.24755859375,1936,1.181640625,4095,2.4993896484375,3604,2.19970703125,3752,2.2900390625,True,333,0.005203125,True,304,0.00475,True,ads7828_saturation_tgs2600
2026-07-28T11:06:10.463Z,128.000067555,128,4.546238998955232,0.06755499998689629,3712,2.265625,2012,1.22802734375,1924,1.17431640625,4095,2.4993896484375,3600,2.197265625,3736,2.2802734375,True,332,0.0051875,True,302,0.00471875,True,ads7828_saturation_tgs2600
2026-07-28T11:06:11.463Z,129.00007356599963,129,4.6010909991309745,0.07356599962804466,3680,2.24609375,1984,1.2109375,1906,1.163330078125,4095,2.4993896484375,3594,2.193603515625,3716,2.26806640625,True,331,0.005171875,True,295,0.004609375,True,ads7828_saturation_tgs2600
2026-07-28T11:06:12.463Z,130.00007822999942,130,4.937075000270852,0.07822999941708986,3648,2.2265625,1962,1.197509765625,1892,1.15478515625,4095,2.4993896484375,3588,2.18994140625,3690,2.252197265625,True,332,0.0051875,True,295,0.004609375,True,ads7828_saturation_tgs2600
2026-07-28T11:06:13.463Z,131.00007230699885,131,4.5681840001634555,0.07230699884530623,3628,2.21435546875,1948,1.18896484375,1888,1.15234375,4095,2.4993896484375,3600,2.197265625,3696,2.255859375,True,336,0.00525,True,292,0.0045625,True,ads7828_saturation_tgs2600
2026-07-28T11:06:14.463Z,132.0000686129988,132,4.556831001536921,0.0686129988025641,3616,2.20703125,1972,1.20361328125,1914,1.168212890625,4095,2.4993896484375,3600,2.197265625,3692,2.25341796875,True,340,0.0053125,True,289,0.004515625,True,ads7828_saturation_tgs2600
2026-07-28T11:06:15.463Z,133.00006836899956,133,4.541905000223778,0.06836899956397247,3608,2.2021484375,1994,1.217041015625,1914,1.168212890625,4095,2.4993896484375,3600,2.197265625,3680,2.24609375,True,340,0.0053125,True,285,0.0044531250000000005,True,ads7828_saturation_tgs2600
2026-07-28T11:06:16.463Z,134.00007711199942,134,4.626869000276201,0.07711199941695668,3616,2.20703125,2004,1.22314453125,1906,1.163330078125,4095,2.4993896484375,3600,2.197265625,3696,2.255859375,True,341,0.005328125,True,281,0.004390625,True,ads7828_saturation_tgs2600
2026-07-28T11:06:17.463Z,135.00007086099868,135,4.583406000165269,0.07086099867592566,3618,2.208251953125,1996,1.21826171875,1898,1.158447265625,4095,2.4993896484375,3600,2.197265625,3720,2.2705078125,True,345,0.0053906250000000005,True,282,0.0044062500000000004,True,ads7828_saturation_tgs2600
2026-07-28T11:06:18.463Z,136.00006763599959,136,4.546738000499317,0.06763599958503619,3608,2.2021484375,1970,1.202392578125,1884,1.14990234375,4095,2.4993896484375,3592,2.1923828125,3744,2.28515625,True,346,0.0054062500000000005,True,280,0.004375,True,ads7828_saturation_tgs2600
2026-07-28T11:06:19.463Z,137.00006741699872,137,4.5642940003745025,0.06741699871781748,3600,2.197265625,1968,1.201171875,1888,1.15234375,4095,2.4993896484375,3592,2.1923828125,3762,2.296142578125,True,345,0.0053906250000000005,True,278,0.00434375,True,ads7828_saturation_tgs2600
2026-07-28T11:06:20.463Z,138.00006651699914,138,4.541516000244883,0.06651699914073106,3592,2.1923828125,2018,1.231689453125,1912,1.1669921875,4095,2.4993896484375,3592,2.1923828125,3768,2.2998046875,True,344,0.0053750000000000004,True,275,0.004296875,True,ads7828_saturation_tgs2600
2026-07-28T11:06:21.463Z,139.0000762359996,139,4.597627999828546,0.07623599958606064,3608,2.2021484375,2072,1.2646484375,1930,1.177978515625,4095,2.4993896484375,3592,2.1923828125,3784,2.3095703125,True,337,0.005265625,True,275,0.004296875,True,ads7828_saturation_tgs2600
2026-07-28T11:06:22.463Z,140.00007885000014,140,4.632497999409679,0.07885000013629906,3620,2.20947265625,2112,1.2890625,1968,1.201171875,4095,2.4993896484375,3584,2.1875,3808,2.32421875,True,331,0.005171875,True,274,0.00428125,True,ads7828_saturation_tgs2600
2026-07-28T11:06:23.463Z,141.00006921000022,141,4.587349998473655,0.06921000021975487,3652,2.22900390625,2152,1.3134765625,2018,1.231689453125,4095,2.4993896484375,3588,2.18994140625,3856,2.353515625,True,324,0.0050625,True,273,0.004265625,True,ads7828_saturation_tgs2600
2026-07-28T11:06:24.463Z,142.00007066999933,142,4.586496999763767,0.07066999933158513,3684,2.24853515625,2164,1.32080078125,2036,1.24267578125,4095,2.4993896484375,3594,2.193603515625,3888,2.373046875,True,321,0.005015625,True,273,0.004265625,True,ads7828_saturation_tgs2600
2026-07-28T11:06:25.463Z,143.00006702399878,143,4.564090000712895,0.06702399878122378,3696,2.255859375,2136,1.3037109375,2032,1.240234375,4095,2.4993896484375,3600,2.197265625,3940,2.40478515625,True,323,0.005046875,True,272,0.00425,True,ads7828_saturation_tgs2600
2026-07-28T11:06:26.463Z,144.00006964400018,144,4.547089998595766,0.0696440001775045,3680,2.24609375,2096,1.279296875,2032,1.240234375,4095,2.4993896484375,3600,2.197265625,4032,2.4609375,True,334,0.00521875,True,271,0.004234375,True,ads7828_saturation_tgs2600
2026-07-28T11:06:27.463Z,145.00007252999967,145,4.568219999782741,0.07252999967022333,3664,2.236328125,2068,1.26220703125,2001,1.2213134765625,4095,2.4993896484375,3604,2.19970703125,4095,2.4993896484375,True,344,0.0053750000000000004,True,270,0.00421875,True,ads7828_saturation_tgs2600;ads7828_saturation_tgs2603
2026-07-28T11:06:28.463Z,146.0000703659989,146,4.58488600088458,0.07036599890852813,3640,2.2216796875,2086,1.273193359375,2001,1.2213134765625,4095,2.4993896484375,3600,2.197265625,4095,2.4993896484375,True,350,0.0054687500000000005,True,267,0.004171875,True,ads7828_saturation_tgs2600;ads7828_saturation_tgs2603
2026-07-28T11:06:29.463Z,147.00006965399916,147,4.556923000563984,0.06965399916225579,3636,2.21923828125,2116,1.29150390625,2000,1.220703125,4095,2.4993896484375,3600,2.197265625,4095,2.4993896484375,True,343,0.005359375,True,266,0.00415625,True,ads7828_saturation_tgs2600;ads7828_saturation_tgs2603
2026-07-28T11:06:30.463Z,148.000066872999,148,4.52892300017993,0.06687299901386723,3636,2.21923828125,2116,1.29150390625,1989,1.2139892578125,4095,2.4993896484375,3604,2.19970703125,4095,2.4993896484375,True,332,0.0051875,True,265,0.004140625,True,ads7828_saturation_tgs2600;ads7828_saturation_tgs2603
2026-07-28T11:06:31.463Z,149.00006824699994,149,4.527293000137433,0.06824699994467665,3640,2.2216796875,2090,1.275634765625,1984,1.2109375,4095,2.4993896484375,3616,2.20703125,4095,2.4993896484375,True,323,0.005046875,True,266,0.00415625,True,ads7828_saturation_tgs2600;ads7828_saturation_tgs2603
2026-07-28T11:06:32.463Z,150.00006886899973,150,4.564718999972683,0.06886899973324034,3636,2.21923828125,2070,1.263427734375,1984,1.2109375,4095,2.4993896484375,3632,2.216796875,4095,2.4993896484375,True,318,0.00496875,True,266,0.00415625,True,ads7828_saturation_tgs2600;ads7828_saturation_tgs2603
2026-07-28T11:06:33.463Z,151.00008157199954,151,4.595459999109153,0.0815719995443942,3632,2.216796875,2040,1.2451171875,1965,1.1993408203125,4095,2.4993896484375,3636,2.21923828125,4095,2.4993896484375,True,316,0.0049375,True,265,0.004140625,True,ads7828_saturation_tgs2600;ads7828_saturation_tgs2603
2026-07-28T11:06:34.463Z,152.00007272599942,152,4.570959999909974,0.0727259994164342,3618,2.208251953125,2034,1.241455078125,1961,1.1968994140625,4095,2.4993896484375,3640,2.2216796875,4095,2.4993896484375,True,315,0.004921875,True,265,0.004140625,True,ads7828_saturation_tgs2600;ads7828_saturation_tgs2603
2026-07-28T11:06:35.463Z,153.00007020199882,153,4.564737000691821,0.07020199882390443,3616,2.20703125,2058,1.256103515625,1960,1.1962890625,4095,2.4993896484375,3640,2.2216796875,4095,2.4993896484375,True,313,0.004890625,True,267,0.004171875,True,ads7828_saturation_tgs2600;ads7828_saturation_tgs2603
2026-07-28T11:06:36.463Z,154.00007009099863,154,4.578923000735813,0.07009099863353185,3624,2.2119140625,2096,1.279296875,1972,1.20361328125,4095,2.4993896484375,3648,2.2265625,4095,2.4993896484375,True,316,0.0049375,True,267,0.004171875,True,ads7828_saturation_tgs2600;ads7828_saturation_tgs2603
2026-07-28T11:06:37.463Z,155.0000679879995,155,4.561997000564588,0.06798799950047396,3648,2.2265625,2120,1.2939453125,2002,1.221923828125,4095,2.4993896484375,3648,2.2265625,4095,2.4993896484375,True,318,0.00496875,True,265,0.004140625,True,ads7828_saturation_tgs2600;ads7828_saturation_tgs2603
2026-07-28T11:06:38.463Z,156.00006461199882,156,4.531459000645555,0.06461199882323854,3656,2.2314453125,2130,1.300048828125,2032,1.240234375,4095,2.4993896484375,3648,2.2265625,4095,2.4993896484375,True,317,0.004953125,True,265,0.004140625,True,ads7828_saturation_tgs2600;ads7828_saturation_tgs2603
